<?xml version="1.0" encoding="UTF-8"?>
<THLight><count>96</count><device><id><![CDATA[9]]></id><version><![CDATA[100.101]]></version><name><![CDATA[Beacon_1]]></name><distance><![CDATA[0]]></distance><describe><![CDATA[Imm Descript 1]]></describe><tel><![CDATA[Imm 123456789]]></tel><url><![CDATA[http://www.THLight.com/Imm ]]></url><img><![CDATA[http://thlight.appplus.com.tw/uploads/006/000/0000/0000000006/e52316d4ccb9faf3dcbcfcc01b403561.jpg]]></img><note><![CDATA[Imm Remark 1]]></note><youtube><![CDATA[http://www.youtube.com/watch?v=vLqBQMxWgCc/Imm]]></youtube><extend_00><name><![CDATA[Imm Customize 1]]></name><content><![CDATA[Imm data 1]]></content></extend_00><extend_01><name><![CDATA[Imm Customize 2]]></name><content><![CDATA[Imm data 2]]></content></extend_01><extend_02><name><![CDATA[Imm Customize 3]]></name><content><![CDATA[Imm data 3]]></content></extend_02><displayorder><![CDATA[0]]></displayorder><operation><![CDATA[UPDATE]]></operation></device><device><id><![CDATA[10]]></id><version><![CDATA[100.101]]></version><name><![CDATA[Beacon_1]]></name><distance><![CDATA[1]]></distance><describe><![CDATA[Near Descript 1]]></describe><tel><![CDATA[Near 123456789]]></tel><url><![CDATA[http://www.THLight.com/Near ]]></url><img><![CDATA[http://thlight.appplus.com.tw/uploads/006/000/0000/0000000006/4f864754f5f4540156be1c65885ecfdf.jpg]]></img><note><![CDATA[Near Remark 1]]></note><youtube><![CDATA[http://www.youtube.com/watch?v=vLqBQMxWgCc/Near]]></youtube><extend_00><name><![CDATA[Near Customize 1]]></name><content><![CDATA[Near data 1]]></content></extend_00><extend_01><name><![CDATA[Near Customize 2]]></name><content><![CDATA[Near data 2]]></content></extend_01><extend_02><name><![CDATA[Near Customize 3]]></name><content><![CDATA[Near data 3]]></content></extend_02><displayorder><![CDATA[1]]></displayorder><operation><![CDATA[UPDATE]]></operation></device><device><id><![CDATA[11]]></id><version><![CDATA[100.101]]></version><name><![CDATA[Beacon_1]]></name><distance><![CDATA[2]]></distance><describe><![CDATA[Far Descript 1]]></describe><tel><![CDATA[Far 123456789]]></tel><url><![CDATA[http://www.THLight.com/Far ]]></url><img><![CDATA[http://thlight.appplus.com.tw/uploads/006/000/0000/0000000006/dbcc9c544b228d6ea9944b08f12b3c70.jpg]]></img><note><![CDATA[Far Remark 1]]></note><youtube><![CDATA[http://www.youtube.com/watch?v=vLqBQMxWgCc/Far]]></youtube><extend_00><name><![CDATA[Far Customize 1]]></name><content><![CDATA[Far data 1]]></content></extend_00><extend_01><name><![CDATA[Far Customize 2]]></name><content><![CDATA[Far data 2]]></content></extend_01><extend_02><name><![CDATA[Far Customize 3]]></name><content><![CDATA[Far data 3]]></content></extend_02><displayorder><![CDATA[2]]></displayorder><operation><![CDATA[UPDATE]]></operation></device><device><id><![CDATA[12]]></id><version><![CDATA[100.101]]></version><name><![CDATA[Beacon_1]]></name><distance><![CDATA[3]]></distance><describe><![CDATA[VF Descript 1]]></describe><tel><![CDATA[VF 123456789]]></tel><url><![CDATA[http://www.THLight.com/VF ]]></url><img><![CDATA[http://thlight.appplus.com.tw/uploads/006/000/0000/0000000006/b30ffc9cfa760cfed3736b5f43d76eaa.jpg]]></img><note><![CDATA[VF Remark 1]]></note><youtube><![CDATA[http://www.youtube.com/watch?v=vLqBQMxWgCc/VF]]></youtube><extend_00><name><![CDATA[VF Customize 1]]></name><content><![CDATA[VF data 1]]></content></extend_00><extend_01><name><![CDATA[VF Customize 2]]></name><content><![CDATA[VF data 2]]></content></extend_01><extend_02><name><![CDATA[VF Customize 3]]></name><content><![CDATA[VF data 3]]></content></extend_02><displayorder><![CDATA[3]]></displayorder><operation><![CDATA[UPDATE]]></operation></device><device><id><![CDATA[29]]></id><version><![CDATA[1.2]]></version><name><![CDATA[t2]]></name><distance><![CDATA[0]]></distance><describe><![CDATA[1]]></describe><tel><![CDATA[1]]></tel><url></url><img></img><note><![CDATA[1]]></note><youtube></youtube><displayorder><![CDATA[4]]></displayorder><operation><![CDATA[DELETE]]></operation></device><device><id><![CDATA[30]]></id><version><![CDATA[1.2]]></version><name><![CDATA[t2]]></name><distance><![CDATA[1]]></distance><describe><![CDATA[1]]></describe><tel><![CDATA[1]]></tel><url></url><img></img><note><![CDATA[1]]></note><youtube></youtube><displayorder><![CDATA[5]]></displayorder><operation><![CDATA[DELETE]]></operation></device><device><id><![CDATA[31]]></id><version><![CDATA[1.2]]></version><name><![CDATA[t2]]></name><distance><![CDATA[2]]></distance><describe><![CDATA[1]]></describe><tel><![CDATA[1]]></tel><url></url><img></img><note><![CDATA[1]]></note><youtube></youtube><displayorder><![CDATA[6]]></displayorder><operation><![CDATA[DELETE]]></operation></device><device><id><![CDATA[32]]></id><version><![CDATA[1.2]]></version><name><![CDATA[t2]]></name><distance><![CDATA[3]]></distance><describe><![CDATA[1]]></describe><tel><![CDATA[1]]></tel><url></url><img></img><note><![CDATA[1]]></note><youtube></youtube><displayorder><![CDATA[7]]></displayorder><operation><![CDATA[DELETE]]></operation></device><device><id><![CDATA[330]]></id><version><![CDATA[100.102]]></version><name><![CDATA[Beacon_2]]></name><distance><![CDATA[0]]></distance><describe><![CDATA[Imm Descript 1]]></describe><tel><![CDATA[Imm 123456789]]></tel><url><![CDATA[http://www.THLight.com/Imm ]]></url><img><![CDATA[http://thlight.appplus.com.tw/uploads/006/000/0000/0000000006/a3489f15563f30a2f172f0db056a0dab.jpg]]></img><note><![CDATA[Imm Remark 1]]></note><youtube><![CDATA[http://www.youtube.com/watch?v=vLqBQMxWgCc/Imm]]></youtube><extend_00><name><![CDATA[Imm Customize 1]]></name><content><![CDATA[Imm data 1]]></content></extend_00><extend_01><name><![CDATA[Imm Customize 2]]></name><content><![CDATA[Imm data 2]]></content></extend_01><extend_02><name><![CDATA[Imm Customize 3]]></name><content><![CDATA[Imm data 3]]></content></extend_02><displayorder><![CDATA[8]]></displayorder><operation><![CDATA[UPDATE]]></operation></device><device><id><![CDATA[331]]></id><version><![CDATA[100.102]]></version><name><![CDATA[Beacon_2]]></name><distance><![CDATA[1]]></distance><describe><![CDATA[Near Descript 1]]></describe><tel><![CDATA[Near 123456789]]></tel><url><![CDATA[http://www.THLight.com/Near ]]></url><img><![CDATA[http://thlight.appplus.com.tw/uploads/006/000/0000/0000000006/edb17d333dd1fe0cd90951f86a344e4c.jpg]]></img><note><![CDATA[Near Remark 1]]></note><youtube><![CDATA[http://www.youtube.com/watch?v=vLqBQMxWgCc/Near]]></youtube><extend_00><name><![CDATA[Near Customize 1]]></name><content><![CDATA[Near data 1]]></content></extend_00><extend_01><name><![CDATA[Near Customize 2]]></name><content><![CDATA[Near data 2]]></content></extend_01><extend_02><name><![CDATA[Near Customize 3]]></name><content><![CDATA[Near data 3]]></content></extend_02><displayorder><![CDATA[9]]></displayorder><operation><![CDATA[UPDATE]]></operation></device><device><id><![CDATA[332]]></id><version><![CDATA[100.102]]></version><name><![CDATA[Beacon_2]]></name><distance><![CDATA[2]]></distance><describe><![CDATA[Far Descript 1]]></describe><tel><![CDATA[Far 123456789]]></tel><url><![CDATA[http://www.THLight.com/Far ]]></url><img><![CDATA[http://thlight.appplus.com.tw/uploads/006/000/0000/0000000006/054c5f348534c0a93aec36cde6169c50.jpg]]></img><note><![CDATA[Far Remark 1]]></note><youtube><![CDATA[http://www.youtube.com/watch?v=vLqBQMxWgCc/Far]]></youtube><extend_00><name><![CDATA[Far Customize 1]]></name><content><![CDATA[Far data 1]]></content></extend_00><extend_01><name><![CDATA[Far Customize 2]]></name><content><![CDATA[Far data 2]]></content></extend_01><extend_02><name><![CDATA[Far Customize 3]]></name><content><![CDATA[Far data 3]]></content></extend_02><displayorder><![CDATA[10]]></displayorder><operation><![CDATA[UPDATE]]></operation></device><device><id><![CDATA[333]]></id><version><![CDATA[100.102]]></version><name><![CDATA[Beacon_2]]></name><distance><![CDATA[3]]></distance><describe><![CDATA[VF Descript 1]]></describe><tel><![CDATA[VF 123456789]]></tel><url><![CDATA[http://www.THLight.com/VF ]]></url><img><![CDATA[http://thlight.appplus.com.tw/uploads/006/000/0000/0000000006/b666485ea0508a34d00f587a54088dab.jpg]]></img><note><![CDATA[VF Remark 1]]></note><youtube><![CDATA[http://www.youtube.com/watch?v=vLqBQMxWgCc/VF]]></youtube><extend_00><name><![CDATA[VF Customize 1]]></name><content><![CDATA[VF data 1]]></content></extend_00><extend_01><name><![CDATA[VF Customize 2]]></name><content><![CDATA[VF data 2]]></content></extend_01><extend_02><name><![CDATA[VF Customize 3]]></name><content><![CDATA[VF data 3]]></content></extend_02><displayorder><![CDATA[11]]></displayorder><operation><![CDATA[UPDATE]]></operation></device><device><id><![CDATA[334]]></id><version><![CDATA[100.103]]></version><name><![CDATA[Beacon_3]]></name><distance><![CDATA[0]]></distance><describe><![CDATA[Imm Descript 1]]></describe><tel><![CDATA[Imm 123456789]]></tel><url><![CDATA[http://www.THLight.com/Imm ]]></url><img><![CDATA[http://thlight.appplus.com.tw/uploads/006/000/0000/0000000006/418da4a7ca40200fb1cb24589bd32ec0.jpg]]></img><note><![CDATA[Imm Remark 1]]></note><youtube><![CDATA[http://www.youtube.com/watch?v=vLqBQMxWgCc/Imm]]></youtube><extend_00><name><![CDATA[Imm Customize 1]]></name><content><![CDATA[Imm data 1]]></content></extend_00><extend_01><name><![CDATA[Imm Customize 2]]></name><content><![CDATA[Imm data 2]]></content></extend_01><extend_02><name><![CDATA[Imm Customize 3]]></name><content><![CDATA[Imm data 3]]></content></extend_02><displayorder><![CDATA[12]]></displayorder><operation><![CDATA[ADD]]></operation></device><device><id><![CDATA[335]]></id><version><![CDATA[100.103]]></version><name><![CDATA[Beacon_3]]></name><distance><![CDATA[1]]></distance><describe><![CDATA[Near Descript 1]]></describe><tel><![CDATA[Near 123456789]]></tel><url><![CDATA[http://www.THLight.com/Near ]]></url><img><![CDATA[http://thlight.appplus.com.tw/uploads/006/000/0000/0000000006/006f6b71bdea8b924ff5fdba904d0b01.jpg]]></img><note><![CDATA[Near Remark 1]]></note><youtube><![CDATA[http://www.youtube.com/watch?v=vLqBQMxWgCc/Near]]></youtube><extend_00><name><![CDATA[Near Customize 1]]></name><content><![CDATA[Near data 1]]></content></extend_00><extend_01><name><![CDATA[Near Customize 2]]></name><content><![CDATA[Near data 2]]></content></extend_01><extend_02><name><![CDATA[Near Customize 3]]></name><content><![CDATA[Near data 3]]></content></extend_02><displayorder><![CDATA[13]]></displayorder><operation><![CDATA[ADD]]></operation></device><device><id><![CDATA[336]]></id><version><![CDATA[100.103]]></version><name><![CDATA[Beacon_3]]></name><distance><![CDATA[2]]></distance><describe><![CDATA[Far Descript 1]]></describe><tel><![CDATA[Far 123456789]]></tel><url><![CDATA[http://www.THLight.com/Far ]]></url><img><![CDATA[http://thlight.appplus.com.tw/uploads/006/000/0000/0000000006/c24895e773c150b068eb932911641ab2.jpg]]></img><note><![CDATA[Far Remark 1]]></note><youtube><![CDATA[http://www.youtube.com/watch?v=vLqBQMxWgCc/Far]]></youtube><extend_00><name><![CDATA[Far Customize 1]]></name><content><![CDATA[Far data 1]]></content></extend_00><extend_01><name><![CDATA[Far Customize 2]]></name><content><![CDATA[Far data 2]]></content></extend_01><extend_02><name><![CDATA[Far Customize 3]]></name><content><![CDATA[Far data 3]]></content></extend_02><displayorder><![CDATA[14]]></displayorder><operation><![CDATA[ADD]]></operation></device><device><id><![CDATA[337]]></id><version><![CDATA[100.103]]></version><name><![CDATA[Beacon_3]]></name><distance><![CDATA[3]]></distance><describe><![CDATA[VF Descript 1]]></describe><tel><![CDATA[VF 123456789]]></tel><url><![CDATA[http://www.THLight.com/VF ]]></url><img><![CDATA[http://thlight.appplus.com.tw/uploads/006/000/0000/0000000006/45a67537383ffd9dc4bbe1cc0b8f7291.jpg]]></img><note><![CDATA[VF Remark 1]]></note><youtube><![CDATA[http://www.youtube.com/watch?v=vLqBQMxWgCc/VF]]></youtube><extend_00><name><![CDATA[VF Customize 1]]></name><content><![CDATA[VF data 1]]></content></extend_00><extend_01><name><![CDATA[VF Customize 2]]></name><content><![CDATA[VF data 2]]></content></extend_01><extend_02><name><![CDATA[VF Customize 3]]></name><content><![CDATA[VF data 3]]></content></extend_02><displayorder><![CDATA[15]]></displayorder><operation><![CDATA[ADD]]></operation></device><device><id><![CDATA[338]]></id><version><![CDATA[100.104]]></version><name><![CDATA[Beacon_4]]></name><distance><![CDATA[0]]></distance><describe><![CDATA[Imm Descript 1]]></describe><tel><![CDATA[Imm 123456789]]></tel><url><![CDATA[http://www.THLight.com/Imm ]]></url><img><![CDATA[http://thlight.appplus.com.tw/uploads/006/000/0000/0000000006/940f6017bf2dec3f52e0d6ef0a175a85.jpg]]></img><note><![CDATA[Imm Remark 1]]></note><youtube><![CDATA[http://www.youtube.com/watch?v=vLqBQMxWgCc/Imm]]></youtube><extend_00><name><![CDATA[Imm Customize 1]]></name><content><![CDATA[Imm data 1]]></content></extend_00><extend_01><name><![CDATA[Imm Customize 2]]></name><content><![CDATA[Imm data 2]]></content></extend_01><extend_02><name><![CDATA[Imm Customize 3]]></name><content><![CDATA[Imm data 3]]></content></extend_02><displayorder><![CDATA[16]]></displayorder><operation><![CDATA[ADD]]></operation></device><device><id><![CDATA[339]]></id><version><![CDATA[100.104]]></version><name><![CDATA[Beacon_4]]></name><distance><![CDATA[1]]></distance><describe><![CDATA[Near Descript 1]]></describe><tel><![CDATA[Near 123456789]]></tel><url><![CDATA[http://www.THLight.com/Near ]]></url><img><![CDATA[http://thlight.appplus.com.tw/uploads/006/000/0000/0000000006/88ad50251db9189d9516651b9845ebec.jpg]]></img><note><![CDATA[Near Remark 1]]></note><youtube><![CDATA[http://www.youtube.com/watch?v=vLqBQMxWgCc/Near]]></youtube><extend_00><name><![CDATA[Near Customize 1]]></name><content><![CDATA[Near data 1]]></content></extend_00><extend_01><name><![CDATA[Near Customize 2]]></name><content><![CDATA[Near data 2]]></content></extend_01><extend_02><name><![CDATA[Near Customize 3]]></name><content><![CDATA[Near data 3]]></content></extend_02><displayorder><![CDATA[17]]></displayorder><operation><![CDATA[ADD]]></operation></device><device><id><![CDATA[340]]></id><version><![CDATA[100.104]]></version><name><![CDATA[Beacon_4]]></name><distance><![CDATA[2]]></distance><describe><![CDATA[Far Descript 1]]></describe><tel><![CDATA[Far 123456789]]></tel><url><![CDATA[http://www.THLight.com/Far ]]></url><img><![CDATA[http://thlight.appplus.com.tw/uploads/006/000/0000/0000000006/fd2aca24b83a5344c7fb3145d7aeeb87.jpg]]></img><note><![CDATA[Far Remark 1]]></note><youtube><![CDATA[http://www.youtube.com/watch?v=vLqBQMxWgCc/Far]]></youtube><extend_00><name><![CDATA[Far Customize 1]]></name><content><![CDATA[Far data 1]]></content></extend_00><extend_01><name><![CDATA[Far Customize 2]]></name><content><![CDATA[Far data 2]]></content></extend_01><extend_02><name><![CDATA[Far Customize 3]]></name><content><![CDATA[Far data 3]]></content></extend_02><displayorder><![CDATA[18]]></displayorder><operation><![CDATA[ADD]]></operation></device><device><id><![CDATA[341]]></id><version><![CDATA[100.104]]></version><name><![CDATA[Beacon_4]]></name><distance><![CDATA[3]]></distance><describe><![CDATA[VF Descript 1]]></describe><tel><![CDATA[VF 123456789]]></tel><url><![CDATA[http://www.THLight.com/VF ]]></url><img><![CDATA[http://thlight.appplus.com.tw/uploads/006/000/0000/0000000006/689c0e14101fcb6281f5eb6d11d3df33.jpg]]></img><note><![CDATA[VF Remark 1]]></note><youtube><![CDATA[http://www.youtube.com/watch?v=vLqBQMxWgCc/VF]]></youtube><extend_00><name><![CDATA[VF Customize 1]]></name><content><![CDATA[VF data 1]]></content></extend_00><extend_01><name><![CDATA[VF Customize 2]]></name><content><![CDATA[VF data 2]]></content></extend_01><extend_02><name><![CDATA[VF Customize 3]]></name><content><![CDATA[VF data 3]]></content></extend_02><displayorder><![CDATA[19]]></displayorder><operation><![CDATA[ADD]]></operation></device><device><id><![CDATA[342]]></id><version><![CDATA[100.105]]></version><name><![CDATA[Beacon_5]]></name><distance><![CDATA[0]]></distance><describe><![CDATA[Imm Descript 1]]></describe><tel><![CDATA[Imm 123456789]]></tel><url><![CDATA[http://www.THLight.com/Imm ]]></url><img><![CDATA[http://thlight.appplus.com.tw/uploads/006/000/0000/0000000006/235b36a8d8fd1c06762f4b19d32e43a5.jpg]]></img><note><![CDATA[Imm Remark 1]]></note><youtube><![CDATA[http://www.youtube.com/watch?v=vLqBQMxWgCc/Imm]]></youtube><extend_00><name><![CDATA[Imm Customize 1]]></name><content><![CDATA[Imm data 1]]></content></extend_00><extend_01><name><![CDATA[Imm Customize 2]]></name><content><![CDATA[Imm data 2]]></content></extend_01><extend_02><name><![CDATA[Imm Customize 3]]></name><content><![CDATA[Imm data 3]]></content></extend_02><displayorder><![CDATA[20]]></displayorder><operation><![CDATA[ADD]]></operation></device><device><id><![CDATA[343]]></id><version><![CDATA[100.105]]></version><name><![CDATA[Beacon_5]]></name><distance><![CDATA[1]]></distance><describe><![CDATA[Near Descript 1]]></describe><tel><![CDATA[Near 123456789]]></tel><url><![CDATA[http://www.THLight.com/Near ]]></url><img><![CDATA[http://thlight.appplus.com.tw/uploads/006/000/0000/0000000006/bc08c35370984adb4145e9cbc9a0c03f.jpg]]></img><note><![CDATA[Near Remark 1]]></note><youtube><![CDATA[http://www.youtube.com/watch?v=vLqBQMxWgCc/Near]]></youtube><extend_00><name><![CDATA[Near Customize 1]]></name><content><![CDATA[Near data 1]]></content></extend_00><extend_01><name><![CDATA[Near Customize 2]]></name><content><![CDATA[Near data 2]]></content></extend_01><extend_02><name><![CDATA[Near Customize 3]]></name><content><![CDATA[Near data 3]]></content></extend_02><displayorder><![CDATA[21]]></displayorder><operation><![CDATA[ADD]]></operation></device><device><id><![CDATA[344]]></id><version><![CDATA[100.105]]></version><name><![CDATA[Beacon_5]]></name><distance><![CDATA[2]]></distance><describe><![CDATA[Far Descript 1]]></describe><tel><![CDATA[Far 123456789]]></tel><url><![CDATA[http://www.THLight.com/Far ]]></url><img><![CDATA[http://thlight.appplus.com.tw/uploads/006/000/0000/0000000006/785f6b847840eab51095897c6d244461.jpg]]></img><note><![CDATA[Far Remark 1]]></note><youtube><![CDATA[http://www.youtube.com/watch?v=vLqBQMxWgCc/Far]]></youtube><extend_00><name><![CDATA[Far Customize 1]]></name><content><![CDATA[Far data 1]]></content></extend_00><extend_01><name><![CDATA[Far Customize 2]]></name><content><![CDATA[Far data 2]]></content></extend_01><extend_02><name><![CDATA[Far Customize 3]]></name><content><![CDATA[Far data 3]]></content></extend_02><displayorder><![CDATA[22]]></displayorder><operation><![CDATA[ADD]]></operation></device><device><id><![CDATA[345]]></id><version><![CDATA[100.105]]></version><name><![CDATA[Beacon_5]]></name><distance><![CDATA[3]]></distance><describe><![CDATA[VF Descript 1]]></describe><tel><![CDATA[VF 123456789]]></tel><url><![CDATA[http://www.THLight.com/VF ]]></url><img><![CDATA[http://thlight.appplus.com.tw/uploads/006/000/0000/0000000006/3022963f25ef51cc207c36d0658bc4dd.jpg]]></img><note><![CDATA[VF Remark 1]]></note><youtube><![CDATA[http://www.youtube.com/watch?v=vLqBQMxWgCc/VF]]></youtube><extend_00><name><![CDATA[VF Customize 1]]></name><content><![CDATA[VF data 1]]></content></extend_00><extend_01><name><![CDATA[VF Customize 2]]></name><content><![CDATA[VF data 2]]></content></extend_01><extend_02><name><![CDATA[VF Customize 3]]></name><content><![CDATA[VF data 3]]></content></extend_02><displayorder><![CDATA[23]]></displayorder><operation><![CDATA[ADD]]></operation></device><device><id><![CDATA[346]]></id><version><![CDATA[100.106]]></version><name><![CDATA[Beacon_6]]></name><distance><![CDATA[0]]></distance><describe><![CDATA[Imm Descript 1]]></describe><tel><![CDATA[Imm 123456789]]></tel><url><![CDATA[http://www.THLight.com/Imm ]]></url><img><![CDATA[http://thlight.appplus.com.tw/uploads/006/000/0000/0000000006/0d2559d3b735a7af8434b55770412d31.jpg]]></img><note><![CDATA[Imm Remark 1]]></note><youtube><![CDATA[http://www.youtube.com/watch?v=vLqBQMxWgCc/Imm]]></youtube><extend_00><name><![CDATA[Imm Customize 1]]></name><content><![CDATA[Imm data 1]]></content></extend_00><extend_01><name><![CDATA[Imm Customize 2]]></name><content><![CDATA[Imm data 2]]></content></extend_01><extend_02><name><![CDATA[Imm Customize 3]]></name><content><![CDATA[Imm data 3]]></content></extend_02><displayorder><![CDATA[24]]></displayorder><operation><![CDATA[ADD]]></operation></device><device><id><![CDATA[347]]></id><version><![CDATA[100.106]]></version><name><![CDATA[Beacon_6]]></name><distance><![CDATA[1]]></distance><describe><![CDATA[Near Descript 1]]></describe><tel><![CDATA[Near 123456789]]></tel><url><![CDATA[http://www.THLight.com/Near ]]></url><img><![CDATA[http://thlight.appplus.com.tw/uploads/006/000/0000/0000000006/aafec6fefb1ac78378b351af81448587.jpg]]></img><note><![CDATA[Near Remark 1]]></note><youtube><![CDATA[http://www.youtube.com/watch?v=vLqBQMxWgCc/Near]]></youtube><extend_00><name><![CDATA[Near Customize 1]]></name><content><![CDATA[Near data 1]]></content></extend_00><extend_01><name><![CDATA[Near Customize 2]]></name><content><![CDATA[Near data 2]]></content></extend_01><extend_02><name><![CDATA[Near Customize 3]]></name><content><![CDATA[Near data 3]]></content></extend_02><displayorder><![CDATA[25]]></displayorder><operation><![CDATA[ADD]]></operation></device><device><id><![CDATA[348]]></id><version><![CDATA[100.106]]></version><name><![CDATA[Beacon_6]]></name><distance><![CDATA[2]]></distance><describe><![CDATA[Far Descript 1]]></describe><tel><![CDATA[Far 123456789]]></tel><url><![CDATA[http://www.THLight.com/Far ]]></url><img><![CDATA[http://thlight.appplus.com.tw/uploads/006/000/0000/0000000006/06b5492ca3d77f75c2ae15d1add671aa.jpg]]></img><note><![CDATA[Far Remark 1]]></note><youtube><![CDATA[http://www.youtube.com/watch?v=vLqBQMxWgCc/Far]]></youtube><extend_00><name><![CDATA[Far Customize 1]]></name><content><![CDATA[Far data 1]]></content></extend_00><extend_01><name><![CDATA[Far Customize 2]]></name><content><![CDATA[Far data 2]]></content></extend_01><extend_02><name><![CDATA[Far Customize 3]]></name><content><![CDATA[Far data 3]]></content></extend_02><displayorder><![CDATA[26]]></displayorder><operation><![CDATA[ADD]]></operation></device><device><id><![CDATA[349]]></id><version><![CDATA[100.106]]></version><name><![CDATA[Beacon_6]]></name><distance><![CDATA[3]]></distance><describe><![CDATA[VF Descript 1]]></describe><tel><![CDATA[VF 123456789]]></tel><url><![CDATA[http://www.THLight.com/VF ]]></url><img><![CDATA[http://thlight.appplus.com.tw/uploads/006/000/0000/0000000006/86456048b524112c379829b79cc470be.jpg]]></img><note><![CDATA[VF Remark 1]]></note><youtube><![CDATA[http://www.youtube.com/watch?v=vLqBQMxWgCc/VF]]></youtube><extend_00><name><![CDATA[VF Customize 1]]></name><content><![CDATA[VF data 1]]></content></extend_00><extend_01><name><![CDATA[VF Customize 2]]></name><content><![CDATA[VF data 2]]></content></extend_01><extend_02><name><![CDATA[VF Customize 3]]></name><content><![CDATA[VF data 3]]></content></extend_02><displayorder><![CDATA[27]]></displayorder><operation><![CDATA[ADD]]></operation></device><device><id><![CDATA[350]]></id><version><![CDATA[100.107]]></version><name><![CDATA[Beacon_7]]></name><distance><![CDATA[0]]></distance><describe><![CDATA[Imm Descript 1]]></describe><tel><![CDATA[Imm 123456789]]></tel><url><![CDATA[http://www.THLight.com/Imm ]]></url><img><![CDATA[http://thlight.appplus.com.tw/uploads/006/000/0000/0000000006/0e6146738c9420f30e4ab8a84cdfcbf7.jpg]]></img><note><![CDATA[Imm Remark 1]]></note><youtube><![CDATA[http://www.youtube.com/watch?v=vLqBQMxWgCc/Imm]]></youtube><extend_00><name><![CDATA[Imm Customize 1]]></name><content><![CDATA[Imm data 1]]></content></extend_00><extend_01><name><![CDATA[Imm Customize 2]]></name><content><![CDATA[Imm data 2]]></content></extend_01><extend_02><name><![CDATA[Imm Customize 3]]></name><content><![CDATA[Imm data 3]]></content></extend_02><displayorder><![CDATA[28]]></displayorder><operation><![CDATA[ADD]]></operation></device><device><id><![CDATA[351]]></id><version><![CDATA[100.107]]></version><name><![CDATA[Beacon_7]]></name><distance><![CDATA[1]]></distance><describe><![CDATA[Near Descript 1]]></describe><tel><![CDATA[Near 123456789]]></tel><url><![CDATA[http://www.THLight.com/Near ]]></url><img><![CDATA[http://thlight.appplus.com.tw/uploads/006/000/0000/0000000006/268b54aa6868e8560cf3faad9ec62817.jpg]]></img><note><![CDATA[Near Remark 1]]></note><youtube><![CDATA[http://www.youtube.com/watch?v=vLqBQMxWgCc/Near]]></youtube><extend_00><name><![CDATA[Near Customize 1]]></name><content><![CDATA[Near data 1]]></content></extend_00><extend_01><name><![CDATA[Near Customize 2]]></name><content><![CDATA[Near data 2]]></content></extend_01><extend_02><name><![CDATA[Near Customize 3]]></name><content><![CDATA[Near data 3]]></content></extend_02><displayorder><![CDATA[29]]></displayorder><operation><![CDATA[ADD]]></operation></device><device><id><![CDATA[352]]></id><version><![CDATA[100.107]]></version><name><![CDATA[Beacon_7]]></name><distance><![CDATA[2]]></distance><describe><![CDATA[Far Descript 1]]></describe><tel><![CDATA[Far 123456789]]></tel><url><![CDATA[http://www.THLight.com/Far ]]></url><img><![CDATA[http://thlight.appplus.com.tw/uploads/006/000/0000/0000000006/0467dd55e6fa8e4b0a1495015cec21c7.jpg]]></img><note><![CDATA[Far Remark 1]]></note><youtube><![CDATA[http://www.youtube.com/watch?v=vLqBQMxWgCc/Far]]></youtube><extend_00><name><![CDATA[Far Customize 1]]></name><content><![CDATA[Far data 1]]></content></extend_00><extend_01><name><![CDATA[Far Customize 2]]></name><content><![CDATA[Far data 2]]></content></extend_01><extend_02><name><![CDATA[Far Customize 3]]></name><content><![CDATA[Far data 3]]></content></extend_02><displayorder><![CDATA[30]]></displayorder><operation><![CDATA[ADD]]></operation></device><device><id><![CDATA[353]]></id><version><![CDATA[100.107]]></version><name><![CDATA[Beacon_7]]></name><distance><![CDATA[3]]></distance><describe><![CDATA[VF Descript 1]]></describe><tel><![CDATA[VF 123456789]]></tel><url><![CDATA[http://www.THLight.com/VF ]]></url><img><![CDATA[http://thlight.appplus.com.tw/uploads/006/000/0000/0000000006/7b9518959a45777c4b0d247698de4a67.jpg]]></img><note><![CDATA[VF Remark 1]]></note><youtube><![CDATA[http://www.youtube.com/watch?v=vLqBQMxWgCc/VF]]></youtube><extend_00><name><![CDATA[VF Customize 1]]></name><content><![CDATA[VF data 1]]></content></extend_00><extend_01><name><![CDATA[VF Customize 2]]></name><content><![CDATA[VF data 2]]></content></extend_01><extend_02><name><![CDATA[VF Customize 3]]></name><content><![CDATA[VF data 3]]></content></extend_02><displayorder><![CDATA[31]]></displayorder><operation><![CDATA[ADD]]></operation></device><device><id><![CDATA[354]]></id><version><![CDATA[100.108]]></version><name><![CDATA[Beacon_8]]></name><distance><![CDATA[0]]></distance><describe><![CDATA[Imm Descript 1]]></describe><tel><![CDATA[Imm 123456789]]></tel><url><![CDATA[http://www.THLight.com/Imm ]]></url><img><![CDATA[http://thlight.appplus.com.tw/uploads/006/000/0000/0000000006/1dcaf4e2a69d4f43b37ef97deedab1da.jpg]]></img><note><![CDATA[Imm Remark 1]]></note><youtube><![CDATA[http://www.youtube.com/watch?v=vLqBQMxWgCc/Imm]]></youtube><extend_00><name><![CDATA[Imm Customize 1]]></name><content><![CDATA[Imm data 1]]></content></extend_00><extend_01><name><![CDATA[Imm Customize 2]]></name><content><![CDATA[Imm data 2]]></content></extend_01><extend_02><name><![CDATA[Imm Customize 3]]></name><content><![CDATA[Imm data 3]]></content></extend_02><displayorder><![CDATA[32]]></displayorder><operation><![CDATA[ADD]]></operation></device><device><id><![CDATA[355]]></id><version><![CDATA[100.108]]></version><name><![CDATA[Beacon_8]]></name><distance><![CDATA[1]]></distance><describe><![CDATA[Near Descript 1]]></describe><tel><![CDATA[Near 123456789]]></tel><url><![CDATA[http://www.THLight.com/Near ]]></url><img><![CDATA[http://thlight.appplus.com.tw/uploads/006/000/0000/0000000006/b3809d7e916b80229a3aef76981ee2cb.jpg]]></img><note><![CDATA[Near Remark 1]]></note><youtube><![CDATA[http://www.youtube.com/watch?v=vLqBQMxWgCc/Near]]></youtube><extend_00><name><![CDATA[Near Customize 1]]></name><content><![CDATA[Near data 1]]></content></extend_00><extend_01><name><![CDATA[Near Customize 2]]></name><content><![CDATA[Near data 2]]></content></extend_01><extend_02><name><![CDATA[Near Customize 3]]></name><content><![CDATA[Near data 3]]></content></extend_02><displayorder><![CDATA[33]]></displayorder><operation><![CDATA[ADD]]></operation></device><device><id><![CDATA[356]]></id><version><![CDATA[100.108]]></version><name><![CDATA[Beacon_8]]></name><distance><![CDATA[2]]></distance><describe><![CDATA[Far Descript 1]]></describe><tel><![CDATA[Far 123456789]]></tel><url><![CDATA[http://www.THLight.com/Far ]]></url><img><![CDATA[http://thlight.appplus.com.tw/uploads/006/000/0000/0000000006/5ac8f928f49c3fe1add8801cf20ad6be.jpg]]></img><note><![CDATA[Far Remark 1]]></note><youtube><![CDATA[http://www.youtube.com/watch?v=vLqBQMxWgCc/Far]]></youtube><extend_00><name><![CDATA[Far Customize 1]]></name><content><![CDATA[Far data 1]]></content></extend_00><extend_01><name><![CDATA[Far Customize 2]]></name><content><![CDATA[Far data 2]]></content></extend_01><extend_02><name><![CDATA[Far Customize 3]]></name><content><![CDATA[Far data 3]]></content></extend_02><displayorder><![CDATA[34]]></displayorder><operation><![CDATA[ADD]]></operation></device><device><id><![CDATA[357]]></id><version><![CDATA[100.108]]></version><name><![CDATA[Beacon_8]]></name><distance><![CDATA[3]]></distance><describe><![CDATA[VF Descript 1]]></describe><tel><![CDATA[VF 123456789]]></tel><url><![CDATA[http://www.THLight.com/VF ]]></url><img><![CDATA[http://thlight.appplus.com.tw/uploads/006/000/0000/0000000006/cf0785f43696f4034705e52962a90275.jpg]]></img><note><![CDATA[VF Remark 1]]></note><youtube><![CDATA[http://www.youtube.com/watch?v=vLqBQMxWgCc/VF]]></youtube><extend_00><name><![CDATA[VF Customize 1]]></name><content><![CDATA[VF data 1]]></content></extend_00><extend_01><name><![CDATA[VF Customize 2]]></name><content><![CDATA[VF data 2]]></content></extend_01><extend_02><name><![CDATA[VF Customize 3]]></name><content><![CDATA[VF data 3]]></content></extend_02><displayorder><![CDATA[35]]></displayorder><operation><![CDATA[ADD]]></operation></device><device><id><![CDATA[358]]></id><version><![CDATA[100.109]]></version><name><![CDATA[Beacon_9]]></name><distance><![CDATA[0]]></distance><describe><![CDATA[Imm Descript 1]]></describe><tel><![CDATA[Imm 123456789]]></tel><url><![CDATA[http://www.THLight.com/Imm ]]></url><img><![CDATA[http://thlight.appplus.com.tw/uploads/006/000/0000/0000000006/3010d0813f61689e8c04932b2910d902.jpg]]></img><note><![CDATA[Imm Remark 1]]></note><youtube><![CDATA[http://www.youtube.com/watch?v=vLqBQMxWgCc/Imm]]></youtube><extend_00><name><![CDATA[Imm Customize 1]]></name><content><![CDATA[Imm data 1]]></content></extend_00><extend_01><name><![CDATA[Imm Customize 2]]></name><content><![CDATA[Imm data 2]]></content></extend_01><extend_02><name><![CDATA[Imm Customize 3]]></name><content><![CDATA[Imm data 3]]></content></extend_02><displayorder><![CDATA[36]]></displayorder><operation><![CDATA[ADD]]></operation></device><device><id><![CDATA[359]]></id><version><![CDATA[100.109]]></version><name><![CDATA[Beacon_9]]></name><distance><![CDATA[1]]></distance><describe><![CDATA[Near Descript 1]]></describe><tel><![CDATA[Near 123456789]]></tel><url><![CDATA[http://www.THLight.com/Near ]]></url><img><![CDATA[http://thlight.appplus.com.tw/uploads/006/000/0000/0000000006/fadb39b42902334d58a090842fbd1626.jpg]]></img><note><![CDATA[Near Remark 1]]></note><youtube><![CDATA[http://www.youtube.com/watch?v=vLqBQMxWgCc/Near]]></youtube><extend_00><name><![CDATA[Near Customize 1]]></name><content><![CDATA[Near data 1]]></content></extend_00><extend_01><name><![CDATA[Near Customize 2]]></name><content><![CDATA[Near data 2]]></content></extend_01><extend_02><name><![CDATA[Near Customize 3]]></name><content><![CDATA[Near data 3]]></content></extend_02><displayorder><![CDATA[37]]></displayorder><operation><![CDATA[ADD]]></operation></device><device><id><![CDATA[360]]></id><version><![CDATA[100.109]]></version><name><![CDATA[Beacon_9]]></name><distance><![CDATA[2]]></distance><describe><![CDATA[Far Descript 1]]></describe><tel><![CDATA[Far 123456789]]></tel><url><![CDATA[http://www.THLight.com/Far ]]></url><img><![CDATA[http://thlight.appplus.com.tw/uploads/006/000/0000/0000000006/5e3dce11da2847674c02ec788af85347.jpg]]></img><note><![CDATA[Far Remark 1]]></note><youtube><![CDATA[http://www.youtube.com/watch?v=vLqBQMxWgCc/Far]]></youtube><extend_00><name><![CDATA[Far Customize 1]]></name><content><![CDATA[Far data 1]]></content></extend_00><extend_01><name><![CDATA[Far Customize 2]]></name><content><![CDATA[Far data 2]]></content></extend_01><extend_02><name><![CDATA[Far Customize 3]]></name><content><![CDATA[Far data 3]]></content></extend_02><displayorder><![CDATA[38]]></displayorder><operation><![CDATA[ADD]]></operation></device><device><id><![CDATA[361]]></id><version><![CDATA[100.109]]></version><name><![CDATA[Beacon_9]]></name><distance><![CDATA[3]]></distance><describe><![CDATA[VF Descript 1]]></describe><tel><![CDATA[VF 123456789]]></tel><url><![CDATA[http://www.THLight.com/VF ]]></url><img><![CDATA[http://thlight.appplus.com.tw/uploads/006/000/0000/0000000006/48eb163b05c6fd5b1b0db9650c09a591.jpg]]></img><note><![CDATA[VF Remark 1]]></note><youtube><![CDATA[http://www.youtube.com/watch?v=vLqBQMxWgCc/VF]]></youtube><extend_00><name><![CDATA[VF Customize 1]]></name><content><![CDATA[VF data 1]]></content></extend_00><extend_01><name><![CDATA[VF Customize 2]]></name><content><![CDATA[VF data 2]]></content></extend_01><extend_02><name><![CDATA[VF Customize 3]]></name><content><![CDATA[VF data 3]]></content></extend_02><displayorder><![CDATA[39]]></displayorder><operation><![CDATA[ADD]]></operation></device><device><id><![CDATA[362]]></id><version><![CDATA[100.110]]></version><name><![CDATA[Beacon_10]]></name><distance><![CDATA[0]]></distance><describe><![CDATA[Imm Descript 1]]></describe><tel><![CDATA[Imm 123456789]]></tel><url><![CDATA[http://www.THLight.com/Imm ]]></url><img><![CDATA[http://thlight.appplus.com.tw/uploads/006/000/0000/0000000006/6c9cc415227123d4a338f0c3e565f697.jpg]]></img><note><![CDATA[Imm Remark 1]]></note><youtube><![CDATA[http://www.youtube.com/watch?v=vLqBQMxWgCc/Imm]]></youtube><extend_00><name><![CDATA[Imm Customize 1]]></name><content><![CDATA[Imm data 1]]></content></extend_00><extend_01><name><![CDATA[Imm Customize 2]]></name><content><![CDATA[Imm data 2]]></content></extend_01><extend_02><name><![CDATA[Imm Customize 3]]></name><content><![CDATA[Imm data 3]]></content></extend_02><displayorder><![CDATA[40]]></displayorder><operation><![CDATA[ADD]]></operation></device><device><id><![CDATA[363]]></id><version><![CDATA[100.110]]></version><name><![CDATA[Beacon_10]]></name><distance><![CDATA[1]]></distance><describe><![CDATA[Near Descript 1]]></describe><tel><![CDATA[Near 123456789]]></tel><url><![CDATA[http://www.THLight.com/Near ]]></url><img><![CDATA[http://thlight.appplus.com.tw/uploads/006/000/0000/0000000006/965a9e202c794415d5d6b937126fccd9.jpg]]></img><note><![CDATA[Near Remark 1]]></note><youtube><![CDATA[http://www.youtube.com/watch?v=vLqBQMxWgCc/Near]]></youtube><extend_00><name><![CDATA[Near Customize 1]]></name><content><![CDATA[Near data 1]]></content></extend_00><extend_01><name><![CDATA[Near Customize 2]]></name><content><![CDATA[Near data 2]]></content></extend_01><extend_02><name><![CDATA[Near Customize 3]]></name><content><![CDATA[Near data 3]]></content></extend_02><displayorder><![CDATA[41]]></displayorder><operation><![CDATA[ADD]]></operation></device><device><id><![CDATA[364]]></id><version><![CDATA[100.110]]></version><name><![CDATA[Beacon_10]]></name><distance><![CDATA[2]]></distance><describe><![CDATA[Far Descript 1]]></describe><tel><![CDATA[Far 123456789]]></tel><url><![CDATA[http://www.THLight.com/Far ]]></url><img><![CDATA[http://thlight.appplus.com.tw/uploads/006/000/0000/0000000006/a42e04deb2838d75aef16c22e9cc1e7d.jpg]]></img><note><![CDATA[Far Remark 1]]></note><youtube><![CDATA[http://www.youtube.com/watch?v=vLqBQMxWgCc/Far]]></youtube><extend_00><name><![CDATA[Far Customize 1]]></name><content><![CDATA[Far data 1]]></content></extend_00><extend_01><name><![CDATA[Far Customize 2]]></name><content><![CDATA[Far data 2]]></content></extend_01><extend_02><name><![CDATA[Far Customize 3]]></name><content><![CDATA[Far data 3]]></content></extend_02><displayorder><![CDATA[42]]></displayorder><operation><![CDATA[ADD]]></operation></device><device><id><![CDATA[365]]></id><version><![CDATA[100.110]]></version><name><![CDATA[Beacon_10]]></name><distance><![CDATA[3]]></distance><describe><![CDATA[VF Descript 1]]></describe><tel><![CDATA[VF 123456789]]></tel><url><![CDATA[http://www.THLight.com/VF ]]></url><img><![CDATA[http://thlight.appplus.com.tw/uploads/006/000/0000/0000000006/59086486b3192204ed8548a384853ffc.jpg]]></img><note><![CDATA[VF Remark 1]]></note><youtube><![CDATA[http://www.youtube.com/watch?v=vLqBQMxWgCc/VF]]></youtube><extend_00><name><![CDATA[VF Customize 1]]></name><content><![CDATA[VF data 1]]></content></extend_00><extend_01><name><![CDATA[VF Customize 2]]></name><content><![CDATA[VF data 2]]></content></extend_01><extend_02><name><![CDATA[VF Customize 3]]></name><content><![CDATA[VF data 3]]></content></extend_02><displayorder><![CDATA[43]]></displayorder><operation><![CDATA[ADD]]></operation></device><device><id><![CDATA[366]]></id><version><![CDATA[100.111]]></version><name><![CDATA[Beacon_11]]></name><distance><![CDATA[0]]></distance><describe><![CDATA[Imm Descript 1]]></describe><tel><![CDATA[Imm 123456789]]></tel><url><![CDATA[http://www.THLight.com/Imm ]]></url><img><![CDATA[http://thlight.appplus.com.tw/uploads/006/000/0000/0000000006/1e7e74046ee33e2b618c1ca29f800774.jpg]]></img><note><![CDATA[Imm Remark 1]]></note><youtube><![CDATA[http://www.youtube.com/watch?v=vLqBQMxWgCc/Imm]]></youtube><extend_00><name><![CDATA[Imm Customize 1]]></name><content><![CDATA[Imm data 1]]></content></extend_00><extend_01><name><![CDATA[Imm Customize 2]]></name><content><![CDATA[Imm data 2]]></content></extend_01><extend_02><name><![CDATA[Imm Customize 3]]></name><content><![CDATA[Imm data 3]]></content></extend_02><displayorder><![CDATA[44]]></displayorder><operation><![CDATA[ADD]]></operation></device><device><id><![CDATA[367]]></id><version><![CDATA[100.111]]></version><name><![CDATA[Beacon_11]]></name><distance><![CDATA[1]]></distance><describe><![CDATA[Near Descript 1]]></describe><tel><![CDATA[Near 123456789]]></tel><url><![CDATA[http://www.THLight.com/Near ]]></url><img><![CDATA[http://thlight.appplus.com.tw/uploads/006/000/0000/0000000006/0e936674188eb8f114a31ac6dbe87cc0.jpg]]></img><note><![CDATA[Near Remark 1]]></note><youtube><![CDATA[http://www.youtube.com/watch?v=vLqBQMxWgCc/Near]]></youtube><extend_00><name><![CDATA[Near Customize 1]]></name><content><![CDATA[Near data 1]]></content></extend_00><extend_01><name><![CDATA[Near Customize 2]]></name><content><![CDATA[Near data 2]]></content></extend_01><extend_02><name><![CDATA[Near Customize 3]]></name><content><![CDATA[Near data 3]]></content></extend_02><displayorder><![CDATA[45]]></displayorder><operation><![CDATA[ADD]]></operation></device><device><id><![CDATA[368]]></id><version><![CDATA[100.111]]></version><name><![CDATA[Beacon_11]]></name><distance><![CDATA[2]]></distance><describe><![CDATA[Far Descript 1]]></describe><tel><![CDATA[Far 123456789]]></tel><url><![CDATA[http://www.THLight.com/Far ]]></url><img><![CDATA[http://thlight.appplus.com.tw/uploads/006/000/0000/0000000006/d08a61159a3e1a5aa34c98d07d6d3557.jpg]]></img><note><![CDATA[Far Remark 1]]></note><youtube><![CDATA[http://www.youtube.com/watch?v=vLqBQMxWgCc/Far]]></youtube><extend_00><name><![CDATA[Far Customize 1]]></name><content><![CDATA[Far data 1]]></content></extend_00><extend_01><name><![CDATA[Far Customize 2]]></name><content><![CDATA[Far data 2]]></content></extend_01><extend_02><name><![CDATA[Far Customize 3]]></name><content><![CDATA[Far data 3]]></content></extend_02><displayorder><![CDATA[46]]></displayorder><operation><![CDATA[ADD]]></operation></device><device><id><![CDATA[369]]></id><version><![CDATA[100.111]]></version><name><![CDATA[Beacon_11]]></name><distance><![CDATA[3]]></distance><describe><![CDATA[VF Descript 1]]></describe><tel><![CDATA[VF 123456789]]></tel><url><![CDATA[http://www.THLight.com/VF ]]></url><img><![CDATA[http://thlight.appplus.com.tw/uploads/006/000/0000/0000000006/a0a35d8504d6070f2102a4994084eee7.jpg]]></img><note><![CDATA[VF Remark 1]]></note><youtube><![CDATA[http://www.youtube.com/watch?v=vLqBQMxWgCc/VF]]></youtube><extend_00><name><![CDATA[VF Customize 1]]></name><content><![CDATA[VF data 1]]></content></extend_00><extend_01><name><![CDATA[VF Customize 2]]></name><content><![CDATA[VF data 2]]></content></extend_01><extend_02><name><![CDATA[VF Customize 3]]></name><content><![CDATA[VF data 3]]></content></extend_02><displayorder><![CDATA[47]]></displayorder><operation><![CDATA[ADD]]></operation></device><device><id><![CDATA[370]]></id><version><![CDATA[100.112]]></version><name><![CDATA[Beacon_12]]></name><distance><![CDATA[0]]></distance><describe><![CDATA[Imm Descript 1]]></describe><tel><![CDATA[Imm 123456789]]></tel><url><![CDATA[http://www.THLight.com/Imm ]]></url><img><![CDATA[http://thlight.appplus.com.tw/uploads/006/000/0000/0000000006/239f55a611838cff51bf179a23ffcefe.jpg]]></img><note><![CDATA[Imm Remark 1]]></note><youtube><![CDATA[http://www.youtube.com/watch?v=vLqBQMxWgCc/Imm]]></youtube><extend_00><name><![CDATA[Imm Customize 1]]></name><content><![CDATA[Imm data 1]]></content></extend_00><extend_01><name><![CDATA[Imm Customize 2]]></name><content><![CDATA[Imm data 2]]></content></extend_01><extend_02><name><![CDATA[Imm Customize 3]]></name><content><![CDATA[Imm data 3]]></content></extend_02><displayorder><![CDATA[48]]></displayorder><operation><![CDATA[ADD]]></operation></device><device><id><![CDATA[371]]></id><version><![CDATA[100.112]]></version><name><![CDATA[Beacon_12]]></name><distance><![CDATA[1]]></distance><describe><![CDATA[Near Descript 1]]></describe><tel><![CDATA[Near 123456789]]></tel><url><![CDATA[http://www.THLight.com/Near ]]></url><img><![CDATA[http://thlight.appplus.com.tw/uploads/006/000/0000/0000000006/f0955742d1f3b23141d1340ec9f3b942.jpg]]></img><note><![CDATA[Near Remark 1]]></note><youtube><![CDATA[http://www.youtube.com/watch?v=vLqBQMxWgCc/Near]]></youtube><extend_00><name><![CDATA[Near Customize 1]]></name><content><![CDATA[Near data 1]]></content></extend_00><extend_01><name><![CDATA[Near Customize 2]]></name><content><![CDATA[Near data 2]]></content></extend_01><extend_02><name><![CDATA[Near Customize 3]]></name><content><![CDATA[Near data 3]]></content></extend_02><displayorder><![CDATA[49]]></displayorder><operation><![CDATA[ADD]]></operation></device><device><id><![CDATA[372]]></id><version><![CDATA[100.112]]></version><name><![CDATA[Beacon_12]]></name><distance><![CDATA[2]]></distance><describe><![CDATA[Far Descript 1]]></describe><tel><![CDATA[Far 123456789]]></tel><url><![CDATA[http://www.THLight.com/Far ]]></url><img><![CDATA[http://thlight.appplus.com.tw/uploads/006/000/0000/0000000006/206e4421a3df769d5e1d99ba1df609d7.jpg]]></img><note><![CDATA[Far Remark 1]]></note><youtube><![CDATA[http://www.youtube.com/watch?v=vLqBQMxWgCc/Far]]></youtube><extend_00><name><![CDATA[Far Customize 1]]></name><content><![CDATA[Far data 1]]></content></extend_00><extend_01><name><![CDATA[Far Customize 2]]></name><content><![CDATA[Far data 2]]></content></extend_01><extend_02><name><![CDATA[Far Customize 3]]></name><content><![CDATA[Far data 3]]></content></extend_02><displayorder><![CDATA[50]]></displayorder><operation><![CDATA[ADD]]></operation></device><device><id><![CDATA[373]]></id><version><![CDATA[100.112]]></version><name><![CDATA[Beacon_12]]></name><distance><![CDATA[3]]></distance><describe><![CDATA[VF Descript 1]]></describe><tel><![CDATA[VF 123456789]]></tel><url><![CDATA[http://www.THLight.com/VF ]]></url><img><![CDATA[http://thlight.appplus.com.tw/uploads/006/000/0000/0000000006/370ecab097769eaee07cc8173de8137b.jpg]]></img><note><![CDATA[VF Remark 1]]></note><youtube><![CDATA[http://www.youtube.com/watch?v=vLqBQMxWgCc/VF]]></youtube><extend_00><name><![CDATA[VF Customize 1]]></name><content><![CDATA[VF data 1]]></content></extend_00><extend_01><name><![CDATA[VF Customize 2]]></name><content><![CDATA[VF data 2]]></content></extend_01><extend_02><name><![CDATA[VF Customize 3]]></name><content><![CDATA[VF data 3]]></content></extend_02><displayorder><![CDATA[51]]></displayorder><operation><![CDATA[ADD]]></operation></device><device><id><![CDATA[374]]></id><version><![CDATA[100.113]]></version><name><![CDATA[Beacon_13]]></name><distance><![CDATA[0]]></distance><describe><![CDATA[Imm Descript 1]]></describe><tel><![CDATA[Imm 123456789]]></tel><url><![CDATA[http://www.THLight.com/Imm ]]></url><img><![CDATA[http://thlight.appplus.com.tw/uploads/006/000/0000/0000000006/ad2d5884167bf4a2712662b121f1a937.jpg]]></img><note><![CDATA[Imm Remark 1]]></note><youtube><![CDATA[http://www.youtube.com/watch?v=vLqBQMxWgCc/Imm]]></youtube><extend_00><name><![CDATA[Imm Customize 1]]></name><content><![CDATA[Imm data 1]]></content></extend_00><extend_01><name><![CDATA[Imm Customize 2]]></name><content><![CDATA[Imm data 2]]></content></extend_01><extend_02><name><![CDATA[Imm Customize 3]]></name><content><![CDATA[Imm data 3]]></content></extend_02><displayorder><![CDATA[52]]></displayorder><operation><![CDATA[ADD]]></operation></device><device><id><![CDATA[375]]></id><version><![CDATA[100.113]]></version><name><![CDATA[Beacon_13]]></name><distance><![CDATA[1]]></distance><describe><![CDATA[Near Descript 1]]></describe><tel><![CDATA[Near 123456789]]></tel><url><![CDATA[http://www.THLight.com/Near ]]></url><img><![CDATA[http://thlight.appplus.com.tw/uploads/006/000/0000/0000000006/7c09a3c6a47c317749bbc49674306170.jpg]]></img><note><![CDATA[Near Remark 1]]></note><youtube><![CDATA[http://www.youtube.com/watch?v=vLqBQMxWgCc/Near]]></youtube><extend_00><name><![CDATA[Near Customize 1]]></name><content><![CDATA[Near data 1]]></content></extend_00><extend_01><name><![CDATA[Near Customize 2]]></name><content><![CDATA[Near data 2]]></content></extend_01><extend_02><name><![CDATA[Near Customize 3]]></name><content><![CDATA[Near data 3]]></content></extend_02><displayorder><![CDATA[53]]></displayorder><operation><![CDATA[ADD]]></operation></device><device><id><![CDATA[376]]></id><version><![CDATA[100.113]]></version><name><![CDATA[Beacon_13]]></name><distance><![CDATA[2]]></distance><describe><![CDATA[Far Descript 1]]></describe><tel><![CDATA[Far 123456789]]></tel><url><![CDATA[http://www.THLight.com/Far ]]></url><img><![CDATA[http://thlight.appplus.com.tw/uploads/006/000/0000/0000000006/7af7403fb46a0969c9d8a30fc19decb2.jpg]]></img><note><![CDATA[Far Remark 1]]></note><youtube><![CDATA[http://www.youtube.com/watch?v=vLqBQMxWgCc/Far]]></youtube><extend_00><name><![CDATA[Far Customize 1]]></name><content><![CDATA[Far data 1]]></content></extend_00><extend_01><name><![CDATA[Far Customize 2]]></name><content><![CDATA[Far data 2]]></content></extend_01><extend_02><name><![CDATA[Far Customize 3]]></name><content><![CDATA[Far data 3]]></content></extend_02><displayorder><![CDATA[54]]></displayorder><operation><![CDATA[ADD]]></operation></device><device><id><![CDATA[377]]></id><version><![CDATA[100.113]]></version><name><![CDATA[Beacon_13]]></name><distance><![CDATA[3]]></distance><describe><![CDATA[VF Descript 1]]></describe><tel><![CDATA[VF 123456789]]></tel><url><![CDATA[http://www.THLight.com/VF ]]></url><img><![CDATA[http://thlight.appplus.com.tw/uploads/006/000/0000/0000000006/c24f187033eb9b76b5c78e877fcf0a61.jpg]]></img><note><![CDATA[VF Remark 1]]></note><youtube><![CDATA[http://www.youtube.com/watch?v=vLqBQMxWgCc/VF]]></youtube><extend_00><name><![CDATA[VF Customize 1]]></name><content><![CDATA[VF data 1]]></content></extend_00><extend_01><name><![CDATA[VF Customize 2]]></name><content><![CDATA[VF data 2]]></content></extend_01><extend_02><name><![CDATA[VF Customize 3]]></name><content><![CDATA[VF data 3]]></content></extend_02><displayorder><![CDATA[55]]></displayorder><operation><![CDATA[ADD]]></operation></device><device><id><![CDATA[378]]></id><version><![CDATA[100.114]]></version><name><![CDATA[Beacon_14]]></name><distance><![CDATA[0]]></distance><describe><![CDATA[Imm Descript 1]]></describe><tel><![CDATA[Imm 123456789]]></tel><url><![CDATA[http://www.THLight.com/Imm ]]></url><img><![CDATA[http://thlight.appplus.com.tw/uploads/006/000/0000/0000000006/d24edcb80f48c5a74d433fb4932ad46c.jpg]]></img><note><![CDATA[Imm Remark 1]]></note><youtube><![CDATA[http://www.youtube.com/watch?v=vLqBQMxWgCc/Imm]]></youtube><extend_00><name><![CDATA[Imm Customize 1]]></name><content><![CDATA[Imm data 1]]></content></extend_00><extend_01><name><![CDATA[Imm Customize 2]]></name><content><![CDATA[Imm data 2]]></content></extend_01><extend_02><name><![CDATA[Imm Customize 3]]></name><content><![CDATA[Imm data 3]]></content></extend_02><displayorder><![CDATA[56]]></displayorder><operation><![CDATA[ADD]]></operation></device><device><id><![CDATA[379]]></id><version><![CDATA[100.114]]></version><name><![CDATA[Beacon_14]]></name><distance><![CDATA[1]]></distance><describe><![CDATA[Near Descript 1]]></describe><tel><![CDATA[Near 123456789]]></tel><url><![CDATA[http://www.THLight.com/Near ]]></url><img><![CDATA[http://thlight.appplus.com.tw/uploads/006/000/0000/0000000006/a0666f3e2cdd0fdf10df058d29376307.jpg]]></img><note><![CDATA[Near Remark 1]]></note><youtube><![CDATA[http://www.youtube.com/watch?v=vLqBQMxWgCc/Near]]></youtube><extend_00><name><![CDATA[Near Customize 1]]></name><content><![CDATA[Near data 1]]></content></extend_00><extend_01><name><![CDATA[Near Customize 2]]></name><content><![CDATA[Near data 2]]></content></extend_01><extend_02><name><![CDATA[Near Customize 3]]></name><content><![CDATA[Near data 3]]></content></extend_02><displayorder><![CDATA[57]]></displayorder><operation><![CDATA[ADD]]></operation></device><device><id><![CDATA[380]]></id><version><![CDATA[100.114]]></version><name><![CDATA[Beacon_14]]></name><distance><![CDATA[2]]></distance><describe><![CDATA[Far Descript 1]]></describe><tel><![CDATA[Far 123456789]]></tel><url><![CDATA[http://www.THLight.com/Far ]]></url><img><![CDATA[http://thlight.appplus.com.tw/uploads/006/000/0000/0000000006/eb9a962bc29a80188d45e27701ec94b7.jpg]]></img><note><![CDATA[Far Remark 1]]></note><youtube><![CDATA[http://www.youtube.com/watch?v=vLqBQMxWgCc/Far]]></youtube><extend_00><name><![CDATA[Far Customize 1]]></name><content><![CDATA[Far data 1]]></content></extend_00><extend_01><name><![CDATA[Far Customize 2]]></name><content><![CDATA[Far data 2]]></content></extend_01><extend_02><name><![CDATA[Far Customize 3]]></name><content><![CDATA[Far data 3]]></content></extend_02><displayorder><![CDATA[58]]></displayorder><operation><![CDATA[ADD]]></operation></device><device><id><![CDATA[381]]></id><version><![CDATA[100.114]]></version><name><![CDATA[Beacon_14]]></name><distance><![CDATA[3]]></distance><describe><![CDATA[VF Descript 1]]></describe><tel><![CDATA[VF 123456789]]></tel><url><![CDATA[http://www.THLight.com/VF ]]></url><img><![CDATA[http://thlight.appplus.com.tw/uploads/006/000/0000/0000000006/24404e4cbe7444141e3088835604e463.jpg]]></img><note><![CDATA[VF Remark 1]]></note><youtube><![CDATA[http://www.youtube.com/watch?v=vLqBQMxWgCc/VF]]></youtube><extend_00><name><![CDATA[VF Customize 1]]></name><content><![CDATA[VF data 1]]></content></extend_00><extend_01><name><![CDATA[VF Customize 2]]></name><content><![CDATA[VF data 2]]></content></extend_01><extend_02><name><![CDATA[VF Customize 3]]></name><content><![CDATA[VF data 3]]></content></extend_02><displayorder><![CDATA[59]]></displayorder><operation><![CDATA[ADD]]></operation></device><device><id><![CDATA[382]]></id><version><![CDATA[100.115]]></version><name><![CDATA[Beacon_15]]></name><distance><![CDATA[0]]></distance><describe><![CDATA[Imm Descript 1]]></describe><tel><![CDATA[Imm 123456789]]></tel><url><![CDATA[http://www.THLight.com/Imm ]]></url><img><![CDATA[http://thlight.appplus.com.tw/uploads/006/000/0000/0000000006/3ff4fb29ea1500596b976ae1eee01a89.jpg]]></img><note><![CDATA[Imm Remark 1]]></note><youtube><![CDATA[http://www.youtube.com/watch?v=vLqBQMxWgCc/Imm]]></youtube><extend_00><name><![CDATA[Imm Customize 1]]></name><content><![CDATA[Imm data 1]]></content></extend_00><extend_01><name><![CDATA[Imm Customize 2]]></name><content><![CDATA[Imm data 2]]></content></extend_01><extend_02><name><![CDATA[Imm Customize 3]]></name><content><![CDATA[Imm data 3]]></content></extend_02><displayorder><![CDATA[60]]></displayorder><operation><![CDATA[ADD]]></operation></device><device><id><![CDATA[383]]></id><version><![CDATA[100.115]]></version><name><![CDATA[Beacon_15]]></name><distance><![CDATA[1]]></distance><describe><![CDATA[Near Descript 1]]></describe><tel><![CDATA[Near 123456789]]></tel><url><![CDATA[http://www.THLight.com/Near ]]></url><img><![CDATA[http://thlight.appplus.com.tw/uploads/006/000/0000/0000000006/f9101e1d271e761558aca4cff7a27cfd.jpg]]></img><note><![CDATA[Near Remark 1]]></note><youtube><![CDATA[http://www.youtube.com/watch?v=vLqBQMxWgCc/Near]]></youtube><extend_00><name><![CDATA[Near Customize 1]]></name><content><![CDATA[Near data 1]]></content></extend_00><extend_01><name><![CDATA[Near Customize 2]]></name><content><![CDATA[Near data 2]]></content></extend_01><extend_02><name><![CDATA[Near Customize 3]]></name><content><![CDATA[Near data 3]]></content></extend_02><displayorder><![CDATA[61]]></displayorder><operation><![CDATA[ADD]]></operation></device><device><id><![CDATA[384]]></id><version><![CDATA[100.115]]></version><name><![CDATA[Beacon_15]]></name><distance><![CDATA[2]]></distance><describe><![CDATA[Far Descript 1]]></describe><tel><![CDATA[Far 123456789]]></tel><url><![CDATA[http://www.THLight.com/Far ]]></url><img><![CDATA[http://thlight.appplus.com.tw/uploads/006/000/0000/0000000006/cbc3dcc8233c345048c5b08ee5233cdc.jpg]]></img><note><![CDATA[Far Remark 1]]></note><youtube><![CDATA[http://www.youtube.com/watch?v=vLqBQMxWgCc/Far]]></youtube><extend_00><name><![CDATA[Far Customize 1]]></name><content><![CDATA[Far data 1]]></content></extend_00><extend_01><name><![CDATA[Far Customize 2]]></name><content><![CDATA[Far data 2]]></content></extend_01><extend_02><name><![CDATA[Far Customize 3]]></name><content><![CDATA[Far data 3]]></content></extend_02><displayorder><![CDATA[62]]></displayorder><operation><![CDATA[ADD]]></operation></device><device><id><![CDATA[385]]></id><version><![CDATA[100.115]]></version><name><![CDATA[Beacon_15]]></name><distance><![CDATA[3]]></distance><describe><![CDATA[VF Descript 1]]></describe><tel><![CDATA[VF 123456789]]></tel><url><![CDATA[http://www.THLight.com/VF ]]></url><img><![CDATA[http://thlight.appplus.com.tw/uploads/006/000/0000/0000000006/7c16e8a2ffec1b579a30c1c15ecf976a.jpg]]></img><note><![CDATA[VF Remark 1]]></note><youtube><![CDATA[http://www.youtube.com/watch?v=vLqBQMxWgCc/VF]]></youtube><extend_00><name><![CDATA[VF Customize 1]]></name><content><![CDATA[VF data 1]]></content></extend_00><extend_01><name><![CDATA[VF Customize 2]]></name><content><![CDATA[VF data 2]]></content></extend_01><extend_02><name><![CDATA[VF Customize 3]]></name><content><![CDATA[VF data 3]]></content></extend_02><displayorder><![CDATA[63]]></displayorder><operation><![CDATA[ADD]]></operation></device><device><id><![CDATA[386]]></id><version><![CDATA[100.116]]></version><name><![CDATA[Beacon_16]]></name><distance><![CDATA[0]]></distance><describe><![CDATA[Imm Descript 1]]></describe><tel><![CDATA[Imm 123456789]]></tel><url><![CDATA[http://www.THLight.com/Imm ]]></url><img><![CDATA[http://thlight.appplus.com.tw/uploads/006/000/0000/0000000006/f5cd4816c0032d0bad8b38ee8b7dccc2.jpg]]></img><note><![CDATA[Imm Remark 1]]></note><youtube><![CDATA[http://www.youtube.com/watch?v=vLqBQMxWgCc/Imm]]></youtube><extend_00><name><![CDATA[Imm Customize 1]]></name><content><![CDATA[Imm data 1]]></content></extend_00><extend_01><name><![CDATA[Imm Customize 2]]></name><content><![CDATA[Imm data 2]]></content></extend_01><extend_02><name><![CDATA[Imm Customize 3]]></name><content><![CDATA[Imm data 3]]></content></extend_02><displayorder><![CDATA[64]]></displayorder><operation><![CDATA[ADD]]></operation></device><device><id><![CDATA[387]]></id><version><![CDATA[100.116]]></version><name><![CDATA[Beacon_16]]></name><distance><![CDATA[1]]></distance><describe><![CDATA[Near Descript 1]]></describe><tel><![CDATA[Near 123456789]]></tel><url><![CDATA[http://www.THLight.com/Near ]]></url><img><![CDATA[http://thlight.appplus.com.tw/uploads/006/000/0000/0000000006/6e1109cf8f5b7f2b6a11d66747cc78cf.jpg]]></img><note><![CDATA[Near Remark 1]]></note><youtube><![CDATA[http://www.youtube.com/watch?v=vLqBQMxWgCc/Near]]></youtube><extend_00><name><![CDATA[Near Customize 1]]></name><content><![CDATA[Near data 1]]></content></extend_00><extend_01><name><![CDATA[Near Customize 2]]></name><content><![CDATA[Near data 2]]></content></extend_01><extend_02><name><![CDATA[Near Customize 3]]></name><content><![CDATA[Near data 3]]></content></extend_02><displayorder><![CDATA[65]]></displayorder><operation><![CDATA[ADD]]></operation></device><device><id><![CDATA[388]]></id><version><![CDATA[100.116]]></version><name><![CDATA[Beacon_16]]></name><distance><![CDATA[2]]></distance><describe><![CDATA[Far Descript 1]]></describe><tel><![CDATA[Far 123456789]]></tel><url><![CDATA[http://www.THLight.com/Far ]]></url><img><![CDATA[http://thlight.appplus.com.tw/uploads/006/000/0000/0000000006/c57b8d6cb73da964eceea930a6308685.jpg]]></img><note><![CDATA[Far Remark 1]]></note><youtube><![CDATA[http://www.youtube.com/watch?v=vLqBQMxWgCc/Far]]></youtube><extend_00><name><![CDATA[Far Customize 1]]></name><content><![CDATA[Far data 1]]></content></extend_00><extend_01><name><![CDATA[Far Customize 2]]></name><content><![CDATA[Far data 2]]></content></extend_01><extend_02><name><![CDATA[Far Customize 3]]></name><content><![CDATA[Far data 3]]></content></extend_02><displayorder><![CDATA[66]]></displayorder><operation><![CDATA[ADD]]></operation></device><device><id><![CDATA[389]]></id><version><![CDATA[100.116]]></version><name><![CDATA[Beacon_16]]></name><distance><![CDATA[3]]></distance><describe><![CDATA[VF Descript 1]]></describe><tel><![CDATA[VF 123456789]]></tel><url><![CDATA[http://www.THLight.com/VF ]]></url><img><![CDATA[http://thlight.appplus.com.tw/uploads/006/000/0000/0000000006/df493022e006c0598e720e572dd3209c.jpg]]></img><note><![CDATA[VF Remark 1]]></note><youtube><![CDATA[http://www.youtube.com/watch?v=vLqBQMxWgCc/VF]]></youtube><extend_00><name><![CDATA[VF Customize 1]]></name><content><![CDATA[VF data 1]]></content></extend_00><extend_01><name><![CDATA[VF Customize 2]]></name><content><![CDATA[VF data 2]]></content></extend_01><extend_02><name><![CDATA[VF Customize 3]]></name><content><![CDATA[VF data 3]]></content></extend_02><displayorder><![CDATA[67]]></displayorder><operation><![CDATA[ADD]]></operation></device><device><id><![CDATA[390]]></id><version><![CDATA[100.117]]></version><name><![CDATA[Beacon_17]]></name><distance><![CDATA[0]]></distance><describe><![CDATA[Imm Descript 1]]></describe><tel><![CDATA[Imm 123456789]]></tel><url><![CDATA[http://www.THLight.com/Imm ]]></url><img><![CDATA[http://thlight.appplus.com.tw/uploads/006/000/0000/0000000006/00e554c50115d6b86b390ba1497d6d61.jpg]]></img><note><![CDATA[Imm Remark 1]]></note><youtube><![CDATA[http://www.youtube.com/watch?v=vLqBQMxWgCc/Imm]]></youtube><extend_00><name><![CDATA[Imm Customize 1]]></name><content><![CDATA[Imm data 1]]></content></extend_00><extend_01><name><![CDATA[Imm Customize 2]]></name><content><![CDATA[Imm data 2]]></content></extend_01><extend_02><name><![CDATA[Imm Customize 3]]></name><content><![CDATA[Imm data 3]]></content></extend_02><displayorder><![CDATA[68]]></displayorder><operation><![CDATA[ADD]]></operation></device><device><id><![CDATA[391]]></id><version><![CDATA[100.117]]></version><name><![CDATA[Beacon_17]]></name><distance><![CDATA[1]]></distance><describe><![CDATA[Near Descript 1]]></describe><tel><![CDATA[Near 123456789]]></tel><url><![CDATA[http://www.THLight.com/Near ]]></url><img><![CDATA[http://thlight.appplus.com.tw/uploads/006/000/0000/0000000006/d10dea035338aefd2f7d3f10dce466ab.jpg]]></img><note><![CDATA[Near Remark 1]]></note><youtube><![CDATA[http://www.youtube.com/watch?v=vLqBQMxWgCc/Near]]></youtube><extend_00><name><![CDATA[Near Customize 1]]></name><content><![CDATA[Near data 1]]></content></extend_00><extend_01><name><![CDATA[Near Customize 2]]></name><content><![CDATA[Near data 2]]></content></extend_01><extend_02><name><![CDATA[Near Customize 3]]></name><content><![CDATA[Near data 3]]></content></extend_02><displayorder><![CDATA[69]]></displayorder><operation><![CDATA[ADD]]></operation></device><device><id><![CDATA[392]]></id><version><![CDATA[100.117]]></version><name><![CDATA[Beacon_17]]></name><distance><![CDATA[2]]></distance><describe><![CDATA[Far Descript 1]]></describe><tel><![CDATA[Far 123456789]]></tel><url><![CDATA[http://www.THLight.com/Far ]]></url><img><![CDATA[http://thlight.appplus.com.tw/uploads/006/000/0000/0000000006/26c1e5513b34cef7d0344554a453257c.jpg]]></img><note><![CDATA[Far Remark 1]]></note><youtube><![CDATA[http://www.youtube.com/watch?v=vLqBQMxWgCc/Far]]></youtube><extend_00><name><![CDATA[Far Customize 1]]></name><content><![CDATA[Far data 1]]></content></extend_00><extend_01><name><![CDATA[Far Customize 2]]></name><content><![CDATA[Far data 2]]></content></extend_01><extend_02><name><![CDATA[Far Customize 3]]></name><content><![CDATA[Far data 3]]></content></extend_02><displayorder><![CDATA[70]]></displayorder><operation><![CDATA[ADD]]></operation></device><device><id><![CDATA[393]]></id><version><![CDATA[100.117]]></version><name><![CDATA[Beacon_17]]></name><distance><![CDATA[3]]></distance><describe><![CDATA[VF Descript 1]]></describe><tel><![CDATA[VF 123456789]]></tel><url><![CDATA[http://www.THLight.com/VF ]]></url><img><![CDATA[http://thlight.appplus.com.tw/uploads/006/000/0000/0000000006/27faae84e44bbd09852172c608b944d9.jpg]]></img><note><![CDATA[VF Remark 1]]></note><youtube><![CDATA[http://www.youtube.com/watch?v=vLqBQMxWgCc/VF]]></youtube><extend_00><name><![CDATA[VF Customize 1]]></name><content><![CDATA[VF data 1]]></content></extend_00><extend_01><name><![CDATA[VF Customize 2]]></name><content><![CDATA[VF data 2]]></content></extend_01><extend_02><name><![CDATA[VF Customize 3]]></name><content><![CDATA[VF data 3]]></content></extend_02><displayorder><![CDATA[71]]></displayorder><operation><![CDATA[ADD]]></operation></device><device><id><![CDATA[394]]></id><version><![CDATA[100.118]]></version><name><![CDATA[Beacon_18]]></name><distance><![CDATA[0]]></distance><describe><![CDATA[Imm Descript 1]]></describe><tel><![CDATA[Imm 123456789]]></tel><url><![CDATA[http://www.THLight.com/Imm ]]></url><img><![CDATA[http://thlight.appplus.com.tw/uploads/006/000/0000/0000000006/aab7fa396121a467397f867e5f20e1bc.jpg]]></img><note><![CDATA[Imm Remark 1]]></note><youtube><![CDATA[http://www.youtube.com/watch?v=vLqBQMxWgCc/Imm]]></youtube><extend_00><name><![CDATA[Imm Customize 1]]></name><content><![CDATA[Imm data 1]]></content></extend_00><extend_01><name><![CDATA[Imm Customize 2]]></name><content><![CDATA[Imm data 2]]></content></extend_01><extend_02><name><![CDATA[Imm Customize 3]]></name><content><![CDATA[Imm data 3]]></content></extend_02><displayorder><![CDATA[72]]></displayorder><operation><![CDATA[ADD]]></operation></device><device><id><![CDATA[395]]></id><version><![CDATA[100.118]]></version><name><![CDATA[Beacon_18]]></name><distance><![CDATA[1]]></distance><describe><![CDATA[Near Descript 1]]></describe><tel><![CDATA[Near 123456789]]></tel><url><![CDATA[http://www.THLight.com/Near ]]></url><img><![CDATA[http://thlight.appplus.com.tw/uploads/006/000/0000/0000000006/bf161429b0f51271e0bf24f561fa070a.jpg]]></img><note><![CDATA[Near Remark 1]]></note><youtube><![CDATA[http://www.youtube.com/watch?v=vLqBQMxWgCc/Near]]></youtube><extend_00><name><![CDATA[Near Customize 1]]></name><content><![CDATA[Near data 1]]></content></extend_00><extend_01><name><![CDATA[Near Customize 2]]></name><content><![CDATA[Near data 2]]></content></extend_01><extend_02><name><![CDATA[Near Customize 3]]></name><content><![CDATA[Near data 3]]></content></extend_02><displayorder><![CDATA[73]]></displayorder><operation><![CDATA[ADD]]></operation></device><device><id><![CDATA[396]]></id><version><![CDATA[100.118]]></version><name><![CDATA[Beacon_18]]></name><distance><![CDATA[2]]></distance><describe><![CDATA[Far Descript 1]]></describe><tel><![CDATA[Far 123456789]]></tel><url><![CDATA[http://www.THLight.com/Far ]]></url><img><![CDATA[http://thlight.appplus.com.tw/uploads/006/000/0000/0000000006/bc037f576cf94f856cf131cdb0419881.jpg]]></img><note><![CDATA[Far Remark 1]]></note><youtube><![CDATA[http://www.youtube.com/watch?v=vLqBQMxWgCc/Far]]></youtube><extend_00><name><![CDATA[Far Customize 1]]></name><content><![CDATA[Far data 1]]></content></extend_00><extend_01><name><![CDATA[Far Customize 2]]></name><content><![CDATA[Far data 2]]></content></extend_01><extend_02><name><![CDATA[Far Customize 3]]></name><content><![CDATA[Far data 3]]></content></extend_02><displayorder><![CDATA[74]]></displayorder><operation><![CDATA[ADD]]></operation></device><device><id><![CDATA[397]]></id><version><![CDATA[100.118]]></version><name><![CDATA[Beacon_18]]></name><distance><![CDATA[3]]></distance><describe><![CDATA[VF Descript 1]]></describe><tel><![CDATA[VF 123456789]]></tel><url><![CDATA[http://www.THLight.com/VF ]]></url><img><![CDATA[http://thlight.appplus.com.tw/uploads/006/000/0000/0000000006/b32f1ad002d050679c52b4b0a458acf2.jpg]]></img><note><![CDATA[VF Remark 1]]></note><youtube><![CDATA[http://www.youtube.com/watch?v=vLqBQMxWgCc/VF]]></youtube><extend_00><name><![CDATA[VF Customize 1]]></name><content><![CDATA[VF data 1]]></content></extend_00><extend_01><name><![CDATA[VF Customize 2]]></name><content><![CDATA[VF data 2]]></content></extend_01><extend_02><name><![CDATA[VF Customize 3]]></name><content><![CDATA[VF data 3]]></content></extend_02><displayorder><![CDATA[75]]></displayorder><operation><![CDATA[ADD]]></operation></device><device><id><![CDATA[398]]></id><version><![CDATA[100.119]]></version><name><![CDATA[Beacon_19]]></name><distance><![CDATA[0]]></distance><describe><![CDATA[Imm Descript 1]]></describe><tel><![CDATA[Imm 123456789]]></tel><url><![CDATA[http://www.THLight.com/Imm ]]></url><img><![CDATA[http://thlight.appplus.com.tw/uploads/006/000/0000/0000000006/b855d1d8d3ad27dde220ef008793c1b6.jpg]]></img><note><![CDATA[Imm Remark 1]]></note><youtube><![CDATA[http://www.youtube.com/watch?v=vLqBQMxWgCc/Imm]]></youtube><extend_00><name><![CDATA[Imm Customize 1]]></name><content><![CDATA[Imm data 1]]></content></extend_00><extend_01><name><![CDATA[Imm Customize 2]]></name><content><![CDATA[Imm data 2]]></content></extend_01><extend_02><name><![CDATA[Imm Customize 3]]></name><content><![CDATA[Imm data 3]]></content></extend_02><displayorder><![CDATA[76]]></displayorder><operation><![CDATA[ADD]]></operation></device><device><id><![CDATA[399]]></id><version><![CDATA[100.119]]></version><name><![CDATA[Beacon_19]]></name><distance><![CDATA[1]]></distance><describe><![CDATA[Near Descript 1]]></describe><tel><![CDATA[Near 123456789]]></tel><url><![CDATA[http://www.THLight.com/Near ]]></url><img><![CDATA[http://thlight.appplus.com.tw/uploads/006/000/0000/0000000006/53d5f60c773111bbc71af699d8d79c88.jpg]]></img><note><![CDATA[Near Remark 1]]></note><youtube><![CDATA[http://www.youtube.com/watch?v=vLqBQMxWgCc/Near]]></youtube><extend_00><name><![CDATA[Near Customize 1]]></name><content><![CDATA[Near data 1]]></content></extend_00><extend_01><name><![CDATA[Near Customize 2]]></name><content><![CDATA[Near data 2]]></content></extend_01><extend_02><name><![CDATA[Near Customize 3]]></name><content><![CDATA[Near data 3]]></content></extend_02><displayorder><![CDATA[77]]></displayorder><operation><![CDATA[ADD]]></operation></device><device><id><![CDATA[400]]></id><version><![CDATA[100.119]]></version><name><![CDATA[Beacon_19]]></name><distance><![CDATA[2]]></distance><describe><![CDATA[Far Descript 1]]></describe><tel><![CDATA[Far 123456789]]></tel><url><![CDATA[http://www.THLight.com/Far ]]></url><img><![CDATA[http://thlight.appplus.com.tw/uploads/006/000/0000/0000000006/5cf362eeed3d5464446e0eb3d802f3d9.jpg]]></img><note><![CDATA[Far Remark 1]]></note><youtube><![CDATA[http://www.youtube.com/watch?v=vLqBQMxWgCc/Far]]></youtube><extend_00><name><![CDATA[Far Customize 1]]></name><content><![CDATA[Far data 1]]></content></extend_00><extend_01><name><![CDATA[Far Customize 2]]></name><content><![CDATA[Far data 2]]></content></extend_01><extend_02><name><![CDATA[Far Customize 3]]></name><content><![CDATA[Far data 3]]></content></extend_02><displayorder><![CDATA[78]]></displayorder><operation><![CDATA[ADD]]></operation></device><device><id><![CDATA[401]]></id><version><![CDATA[100.119]]></version><name><![CDATA[Beacon_19]]></name><distance><![CDATA[3]]></distance><describe><![CDATA[VF Descript 1]]></describe><tel><![CDATA[VF 123456789]]></tel><url><![CDATA[http://www.THLight.com/VF ]]></url><img><![CDATA[http://thlight.appplus.com.tw/uploads/006/000/0000/0000000006/3f5816d46c1e27a09e04bfeb603f2ccc.jpg]]></img><note><![CDATA[VF Remark 1]]></note><youtube><![CDATA[http://www.youtube.com/watch?v=vLqBQMxWgCc/VF]]></youtube><extend_00><name><![CDATA[VF Customize 1]]></name><content><![CDATA[VF data 1]]></content></extend_00><extend_01><name><![CDATA[VF Customize 2]]></name><content><![CDATA[VF data 2]]></content></extend_01><extend_02><name><![CDATA[VF Customize 3]]></name><content><![CDATA[VF data 3]]></content></extend_02><displayorder><![CDATA[79]]></displayorder><operation><![CDATA[ADD]]></operation></device><device><id><![CDATA[402]]></id><version><![CDATA[100.120]]></version><name><![CDATA[Beacon_20]]></name><distance><![CDATA[0]]></distance><describe><![CDATA[Imm Descript 1]]></describe><tel><![CDATA[Imm 123456789]]></tel><url><![CDATA[http://www.THLight.com/Imm ]]></url><img><![CDATA[http://thlight.appplus.com.tw/uploads/006/000/0000/0000000006/7d8e25df9cdf1bbdf6285404b8b6222c.jpg]]></img><note><![CDATA[Imm Remark 1]]></note><youtube><![CDATA[http://www.youtube.com/watch?v=vLqBQMxWgCc/Imm]]></youtube><extend_00><name><![CDATA[Imm Customize 1]]></name><content><![CDATA[Imm data 1]]></content></extend_00><extend_01><name><![CDATA[Imm Customize 2]]></name><content><![CDATA[Imm data 2]]></content></extend_01><extend_02><name><![CDATA[Imm Customize 3]]></name><content><![CDATA[Imm data 3]]></content></extend_02><displayorder><![CDATA[80]]></displayorder><operation><![CDATA[ADD]]></operation></device><device><id><![CDATA[403]]></id><version><![CDATA[100.120]]></version><name><![CDATA[Beacon_20]]></name><distance><![CDATA[1]]></distance><describe><![CDATA[Near Descript 1]]></describe><tel><![CDATA[Near 123456789]]></tel><url><![CDATA[http://www.THLight.com/Near ]]></url><img><![CDATA[http://thlight.appplus.com.tw/uploads/006/000/0000/0000000006/ed0c6bb67d23c19a7d84bb1140bd23d0.jpg]]></img><note><![CDATA[Near Remark 1]]></note><youtube><![CDATA[http://www.youtube.com/watch?v=vLqBQMxWgCc/Near]]></youtube><extend_00><name><![CDATA[Near Customize 1]]></name><content><![CDATA[Near data 1]]></content></extend_00><extend_01><name><![CDATA[Near Customize 2]]></name><content><![CDATA[Near data 2]]></content></extend_01><extend_02><name><![CDATA[Near Customize 3]]></name><content><![CDATA[Near data 3]]></content></extend_02><displayorder><![CDATA[81]]></displayorder><operation><![CDATA[ADD]]></operation></device><device><id><![CDATA[404]]></id><version><![CDATA[100.120]]></version><name><![CDATA[Beacon_20]]></name><distance><![CDATA[2]]></distance><describe><![CDATA[Far Descript 1]]></describe><tel><![CDATA[Far 123456789]]></tel><url><![CDATA[http://www.THLight.com/Far ]]></url><img><![CDATA[http://thlight.appplus.com.tw/uploads/006/000/0000/0000000006/140eb393c12e33f23f7284874d19e1b0.jpg]]></img><note><![CDATA[Far Remark 1]]></note><youtube><![CDATA[http://www.youtube.com/watch?v=vLqBQMxWgCc/Far]]></youtube><extend_00><name><![CDATA[Far Customize 1]]></name><content><![CDATA[Far data 1]]></content></extend_00><extend_01><name><![CDATA[Far Customize 2]]></name><content><![CDATA[Far data 2]]></content></extend_01><extend_02><name><![CDATA[Far Customize 3]]></name><content><![CDATA[Far data 3]]></content></extend_02><displayorder><![CDATA[82]]></displayorder><operation><![CDATA[ADD]]></operation></device><device><id><![CDATA[405]]></id><version><![CDATA[100.120]]></version><name><![CDATA[Beacon_20]]></name><distance><![CDATA[3]]></distance><describe><![CDATA[VF Descript 1]]></describe><tel><![CDATA[VF 123456789]]></tel><url><![CDATA[http://www.THLight.com/VF ]]></url><img><![CDATA[http://thlight.appplus.com.tw/uploads/006/000/0000/0000000006/64a6f3474186e2bd0ffcb6f02f33893a.jpg]]></img><note><![CDATA[VF Remark 1]]></note><youtube><![CDATA[http://www.youtube.com/watch?v=vLqBQMxWgCc/VF]]></youtube><extend_00><name><![CDATA[VF Customize 1]]></name><content><![CDATA[VF data 1]]></content></extend_00><extend_01><name><![CDATA[VF Customize 2]]></name><content><![CDATA[VF data 2]]></content></extend_01><extend_02><name><![CDATA[VF Customize 3]]></name><content><![CDATA[VF data 3]]></content></extend_02><displayorder><![CDATA[83]]></displayorder><operation><![CDATA[ADD]]></operation></device><device><id><![CDATA[406]]></id><version><![CDATA[100.121]]></version><name><![CDATA[Beacon_21]]></name><distance><![CDATA[0]]></distance><describe><![CDATA[Imm Descript 1]]></describe><tel><![CDATA[Imm 123456789]]></tel><url><![CDATA[http://www.THLight.com/Imm ]]></url><img><![CDATA[http://thlight.appplus.com.tw/uploads/006/000/0000/0000000006/93e883925e292966e5700069b86970a5.jpg]]></img><note><![CDATA[Imm Remark 1]]></note><youtube><![CDATA[http://www.youtube.com/watch?v=vLqBQMxWgCc/Imm]]></youtube><extend_00><name><![CDATA[Imm Customize 1]]></name><content><![CDATA[Imm data 1]]></content></extend_00><extend_01><name><![CDATA[Imm Customize 2]]></name><content><![CDATA[Imm data 2]]></content></extend_01><extend_02><name><![CDATA[Imm Customize 3]]></name><content><![CDATA[Imm data 3]]></content></extend_02><displayorder><![CDATA[84]]></displayorder><operation><![CDATA[ADD]]></operation></device><device><id><![CDATA[407]]></id><version><![CDATA[100.121]]></version><name><![CDATA[Beacon_21]]></name><distance><![CDATA[1]]></distance><describe><![CDATA[Near Descript 1]]></describe><tel><![CDATA[Near 123456789]]></tel><url><![CDATA[http://www.THLight.com/Near ]]></url><img><![CDATA[http://thlight.appplus.com.tw/uploads/006/000/0000/0000000006/60e915135367fdc648519980b45003a7.jpg]]></img><note><![CDATA[Near Remark 1]]></note><youtube><![CDATA[http://www.youtube.com/watch?v=vLqBQMxWgCc/Near]]></youtube><extend_00><name><![CDATA[Near Customize 1]]></name><content><![CDATA[Near data 1]]></content></extend_00><extend_01><name><![CDATA[Near Customize 2]]></name><content><![CDATA[Near data 2]]></content></extend_01><extend_02><name><![CDATA[Near Customize 3]]></name><content><![CDATA[Near data 3]]></content></extend_02><displayorder><![CDATA[85]]></displayorder><operation><![CDATA[ADD]]></operation></device><device><id><![CDATA[408]]></id><version><![CDATA[100.121]]></version><name><![CDATA[Beacon_21]]></name><distance><![CDATA[2]]></distance><describe><![CDATA[Far Descript 1]]></describe><tel><![CDATA[Far 123456789]]></tel><url><![CDATA[http://www.THLight.com/Far ]]></url><img><![CDATA[http://thlight.appplus.com.tw/uploads/006/000/0000/0000000006/776e698734ce52b20dc8c03699c0ba9f.jpg]]></img><note><![CDATA[Far Remark 1]]></note><youtube><![CDATA[http://www.youtube.com/watch?v=vLqBQMxWgCc/Far]]></youtube><extend_00><name><![CDATA[Far Customize 1]]></name><content><![CDATA[Far data 1]]></content></extend_00><extend_01><name><![CDATA[Far Customize 2]]></name><content><![CDATA[Far data 2]]></content></extend_01><extend_02><name><![CDATA[Far Customize 3]]></name><content><![CDATA[Far data 3]]></content></extend_02><displayorder><![CDATA[86]]></displayorder><operation><![CDATA[ADD]]></operation></device><device><id><![CDATA[409]]></id><version><![CDATA[100.121]]></version><name><![CDATA[Beacon_21]]></name><distance><![CDATA[3]]></distance><describe><![CDATA[VF Descript 1]]></describe><tel><![CDATA[VF 123456789]]></tel><url><![CDATA[http://www.THLight.com/VF ]]></url><img><![CDATA[http://thlight.appplus.com.tw/uploads/006/000/0000/0000000006/b011e35d196dd90b9b40aa3a6891a534.jpg]]></img><note><![CDATA[VF Remark 1]]></note><youtube><![CDATA[http://www.youtube.com/watch?v=vLqBQMxWgCc/VF]]></youtube><extend_00><name><![CDATA[VF Customize 1]]></name><content><![CDATA[VF data 1]]></content></extend_00><extend_01><name><![CDATA[VF Customize 2]]></name><content><![CDATA[VF data 2]]></content></extend_01><extend_02><name><![CDATA[VF Customize 3]]></name><content><![CDATA[VF data 3]]></content></extend_02><displayorder><![CDATA[87]]></displayorder><operation><![CDATA[ADD]]></operation></device><device><id><![CDATA[410]]></id><version><![CDATA[100.122]]></version><name><![CDATA[Beacon_22]]></name><distance><![CDATA[0]]></distance><describe><![CDATA[Imm Descript 1]]></describe><tel><![CDATA[Imm 123456789]]></tel><url><![CDATA[http://www.THLight.com/Imm ]]></url><img><![CDATA[http://thlight.appplus.com.tw/uploads/006/000/0000/0000000006/8a2922b1437a9597137e0351a475ad83.jpg]]></img><note><![CDATA[Imm Remark 1]]></note><youtube><![CDATA[http://www.youtube.com/watch?v=vLqBQMxWgCc/Imm]]></youtube><extend_00><name><![CDATA[Imm Customize 1]]></name><content><![CDATA[Imm data 1]]></content></extend_00><extend_01><name><![CDATA[Imm Customize 2]]></name><content><![CDATA[Imm data 2]]></content></extend_01><extend_02><name><![CDATA[Imm Customize 3]]></name><content><![CDATA[Imm data 3]]></content></extend_02><displayorder><![CDATA[88]]></displayorder><operation><![CDATA[ADD]]></operation></device><device><id><![CDATA[411]]></id><version><![CDATA[100.122]]></version><name><![CDATA[Beacon_22]]></name><distance><![CDATA[1]]></distance><describe><![CDATA[Near Descript 1]]></describe><tel><![CDATA[Near 123456789]]></tel><url><![CDATA[http://www.THLight.com/Near ]]></url><img><![CDATA[http://thlight.appplus.com.tw/uploads/006/000/0000/0000000006/389dbbcf50f108102acecb976c1069d5.jpg]]></img><note><![CDATA[Near Remark 1]]></note><youtube><![CDATA[http://www.youtube.com/watch?v=vLqBQMxWgCc/Near]]></youtube><extend_00><name><![CDATA[Near Customize 1]]></name><content><![CDATA[Near data 1]]></content></extend_00><extend_01><name><![CDATA[Near Customize 2]]></name><content><![CDATA[Near data 2]]></content></extend_01><extend_02><name><![CDATA[Near Customize 3]]></name><content><![CDATA[Near data 3]]></content></extend_02><displayorder><![CDATA[89]]></displayorder><operation><![CDATA[ADD]]></operation></device><device><id><![CDATA[412]]></id><version><![CDATA[100.122]]></version><name><![CDATA[Beacon_22]]></name><distance><![CDATA[2]]></distance><describe><![CDATA[Far Descript 1]]></describe><tel><![CDATA[Far 123456789]]></tel><url><![CDATA[http://www.THLight.com/Far ]]></url><img><![CDATA[http://thlight.appplus.com.tw/uploads/006/000/0000/0000000006/e97c2311ecf77232779517ab9ff999a6.jpg]]></img><note><![CDATA[Far Remark 1]]></note><youtube><![CDATA[http://www.youtube.com/watch?v=vLqBQMxWgCc/Far]]></youtube><extend_00><name><![CDATA[Far Customize 1]]></name><content><![CDATA[Far data 1]]></content></extend_00><extend_01><name><![CDATA[Far Customize 2]]></name><content><![CDATA[Far data 2]]></content></extend_01><extend_02><name><![CDATA[Far Customize 3]]></name><content><![CDATA[Far data 3]]></content></extend_02><displayorder><![CDATA[90]]></displayorder><operation><![CDATA[ADD]]></operation></device><device><id><![CDATA[413]]></id><version><![CDATA[100.122]]></version><name><![CDATA[Beacon_22]]></name><distance><![CDATA[3]]></distance><describe><![CDATA[VF Descript 1]]></describe><tel><![CDATA[VF 123456789]]></tel><url><![CDATA[http://www.THLight.com/VF ]]></url><img><![CDATA[http://thlight.appplus.com.tw/uploads/006/000/0000/0000000006/4b6ac05458822136d6f7b92751de4e5c.jpg]]></img><note><![CDATA[VF Remark 1]]></note><youtube><![CDATA[http://www.youtube.com/watch?v=vLqBQMxWgCc/VF]]></youtube><extend_00><name><![CDATA[VF Customize 1]]></name><content><![CDATA[VF data 1]]></content></extend_00><extend_01><name><![CDATA[VF Customize 2]]></name><content><![CDATA[VF data 2]]></content></extend_01><extend_02><name><![CDATA[VF Customize 3]]></name><content><![CDATA[VF data 3]]></content></extend_02><displayorder><![CDATA[91]]></displayorder><operation><![CDATA[ADD]]></operation></device><device><id><![CDATA[414]]></id><version><![CDATA[100.123]]></version><name><![CDATA[Beacon_23]]></name><distance><![CDATA[0]]></distance><describe><![CDATA[Imm Descript]]></describe><tel><![CDATA[imm 123456789]]></tel><url><![CDATA[http://www.THLight.com/Imm ]]></url><img><![CDATA[http://thlight.appplus.com.tw/uploads/006/000/0000/0000000006/5091221df3ba081a463ff10be3953b60.jpg]]></img><note><![CDATA[imm remark]]></note><youtube><![CDATA[http://www.youtube.com/watch?v=vLqBQMxWgCc/Imm]]></youtube><extend_00><name><![CDATA[Imm Customize 1]]></name><content><![CDATA[Imm data 1]]></content></extend_00><extend_01><name><![CDATA[Imm Customize 2]]></name><content><![CDATA[Imm data 2]]></content></extend_01><extend_02><name><![CDATA[Imm Customize 3]]></name><content><![CDATA[Imm data 3]]></content></extend_02><displayorder><![CDATA[92]]></displayorder><operation><![CDATA[ADD]]></operation></device><device><id><![CDATA[415]]></id><version><![CDATA[100.123]]></version><name><![CDATA[Beacon_23]]></name><distance><![CDATA[1]]></distance><describe></describe><tel></tel><url></url><img></img><note></note><youtube></youtube><displayorder><![CDATA[93]]></displayorder><operation><![CDATA[ADD]]></operation></device><device><id><![CDATA[416]]></id><version><![CDATA[100.123]]></version><name><![CDATA[Beacon_23]]></name><distance><![CDATA[2]]></distance><describe></describe><tel></tel><url></url><img></img><note></note><youtube></youtube><displayorder><![CDATA[94]]></displayorder><operation><![CDATA[ADD]]></operation></device><device><id><![CDATA[417]]></id><version><![CDATA[100.123]]></version><name><![CDATA[Beacon_23]]></name><distance><![CDATA[3]]></distance><describe></describe><tel></tel><url></url><img></img><note></note><youtube></youtube><displayorder><![CDATA[95]]></displayorder><operation><![CDATA[ADD]]></operation></device></THLight>
