<?xml version="1.0" encoding="UTF-8"?>
<project-private xmlns="http://www.netbeans.org/ns/project-private/1">
    <editor-bookmarks xmlns="http://www.netbeans.org/ns/editor-bookmarks/1"/>
    <editor-bookmarks xmlns="http://www.netbeans.org/ns/editor-bookmarks/2" lastBookmarkId="0"/>
    <open-files xmlns="http://www.netbeans.org/ns/projectui-open-files/2">
        <group>
            <file>file:/D:/Work/Sound/cclo/Piano_10.05/src/project/NewClass2.java</file>
            <file>file:/D:/Work/Sound/cclo/Piano_10.05/src/cclo/Main.java</file>
            <file>file:/D:/Work/Sound/cclo/Piano_10.05/src/project/NewClass.java</file>
        </group>
    </open-files>
</project-private>
