{
  "project_info": {
    "project_number": "870893446310",
    "firebase_url": "https://beacon-27e57.firebaseio.com",
    "project_id": "beacon-27e57",
    "storage_bucket": "beacon-27e57.appspot.com"
  },
  "client": [
    {
      "client_info": {
        "mobilesdk_app_id": "1:870893446310:android:3e4bfbb966caf509e74067",
        "android_client_info": {
          "package_name": "com.THLight.USBeacon.Sample"
        }
      },
      "oauth_client": [
        {
          "client_id": "870893446310-vm2vs1omebea93tpebc9v00bs4n5pv53.apps.googleusercontent.com",
          "client_type": 1,
          "android_info": {
            "package_name": "com.THLight.USBeacon.Sample",
            "certificate_hash": "8d5409d24bcab71a36b48d619d75b7f6c7154e6e"
          }
        },
        {
          "client_id": "870893446310-q2mgi0rmv5rap6e1qqnmoo57o5a69ok9.apps.googleusercontent.com",
          "client_type": 3
        }
      ],
      "api_key": [
        {
          "current_key": "AIzaSyAOD0WO9hY5La4romoslkm_FDFtLPMb1LQ"
        }
      ],
      "services": {
        "appinvite_service": {
          "other_platform_oauth_client": [
            {
              "client_id": "870893446310-q2mgi0rmv5rap6e1qqnmoo57o5a69ok9.apps.googleusercontent.com",
              "client_type": 3
            }
          ]
        }
      }
    }
  ],
  "configuration_version": "1"
}